address	job	company	blood_group	ssn	station_ID	current_latitude	current_longitude
福井県横浜市磯子区丸の内ＪＰタワー7丁目17番15号 大京町パレス520	検察官	有限会社加藤ガス	AB-	729-73-2197	167	-4.6558885	-142.004537
"4225 Kevin Knoll Suite 019
Robertstad, IA 47461"	Animal technologist	Jones, Hall and Skinner	B+	541-38-7923	619	88.6577465	-153.04086
奈良県小笠原村睦1丁目2番4号 コーポ卯の里127		吉田建設株式会社	A-	895-36-0135	339	-39.406022	-23.863964
沖縄県富里市京橋16丁目24番5号 木立シティ589		有限会社山下鉱業	O-	144-28-2820	739	-81.2785545	-102.751595
	イラストレーター	石井ガス合同会社	O-	451-43-0174	166	44.751933	117.007218
"Stretto Angeli, 730 Piano 3
05034, Ferentillo (TR)"	Fisheries officer	Mazzeo SPA	B-	FRCGLN38B46I274R	164	-23.2818465	129.85192
"911 Gonzales Expressway Suite 407
Cunninghamburgh, IN 42606"		Flynn-Warren	O-	762-36-3955	621	45.653857	-20.057141
		Giradello-Avogadro Group	O-	TRNRMN83L21L193Y	502	35.5078015	-47.705282
"309 Cook Villages
Natashaburgh, ME 48463"		Adkins, Barnes and Moore	O-	045-49-7958	362	35.812929	152.331516
兵庫県川崎市多摩区藤金10丁目7番1号 コート北青山421		有限会社阿部情報	B-	257-28-5367	410	-79.4105805	-108.467526
		Sgalambro-Bazzi Group	AB-	LTRNNI07T49I359E	480	20.745121	29.902771
"1385 Penny Unions
West Jeffrey, VA 89079"		Soto, Garcia and Smith	A-	640-28-6330	133	0.092959	156.788369
"837 Spencer View
Huangton, AS 24998"	Engineer, structural	Miller-Medina	B-	492-50-9128	738	45.41454	-174.712421
"Karoline-Schomber-Ring 63-33
84284 Pasewalk"		Gude	A+	211-60-8630	120	-73.63989	16.157185
	Psychologist, clinical	Morellato SPA	A+	SLRSLV27S41G205W	103	-71.2063135	-32.532482
"82475 Linda Row
New Linda, WV 39111"	Environmental health practitioner	Castillo PLC	B-	837-52-7082	699	-18.8049375	-148.315868
和歌山県長生郡白子町松浦町16丁目7番20号 シティ渡辺146		合同会社小林保険	B+	043-35-8216	53	-7.512892	44.438067
新潟県あきる野市睦26丁目8番15号 竜泉コート508	音楽家	株式会社木村水産	AB-	524-76-1287	476	76.924945	-12.378688
"Parque de Caldeira, 89
Conjunto Jardim Filadélfia
86388034 Viana de Cassiano / RS"		Aparecida	A+	16802794322	239	47.250793	101.260512
"Gülten-Haase-Gasse 6
38579 Belzig"		Beckmann	B-	841-81-3512	694	38.1036385	-11.260625
"1504 Kyle Trail Suite 566
West Jeffreyberg, AZ 64402"		Norton-Frye	O+	621-63-4807	127	-50.4942195	164.359116
"Killerstraße 7-9
27535 Düren"	Fleischer	Heß GmbH & Co. KG	AB+	476-21-9323	735	59.929975	84.175789
奈良県長生郡長南町勝どき9丁目2番2号		株式会社岡田情報	B+	854-35-9972	536	10.246909	145.786189
"Borgo Veltroni, 35
00043, Ciampino Aeroporto (RM)"	Higher education lecturer	Agnesi, Luzi e Rismondo e figli	O+	TRNGNN30M19G296Q	281	-31.0505925	-118.961452
"0133 Dennis Hollow
New Lisaton, OK 32898"		Salazar, Vaughn and Salinas	O-	114-06-6508	735	33.574167	-145.474182
"Campo Vargas, 40
Pindura Saia
59800295 Leão das Flores / PB"		Cavalcante Borges - ME	O+	05148267976	300	1.521958	110.498447
"58276 Irwin Vista Suite 654
New George, AK 70761"		Pearson, Kirby and Myers	A+	763-02-9421	270	27.8785675	-42.773799
"Viale Guidone, 59 Piano 9
10025, Pino Torinese (TO)"		Ammaniti, Manunta e Calvo SPA	B-	TNSMLD24B12F070J	138	36.9385705	140.952267
		Sabbatini-Lattuada s.r.l.	O-	BRBMRA54R02C715W	417	-57.3549135	106.054925
"USNS Hughes
FPO AA 02464"		Hernandez Inc	B-	709-96-6213	375	-25.53073	-166.86321
"Ute-Huhn-Weg 9
64190 Mainburg"		Hahn e.G.	AB+	828-67-8237	323	7.0921705	-111.570151
"Pátio de Barbosa, 114
Tiradentes
67704-401 Pires de Cavalcanti / SE"		Sales	A-	57324198619	94	8.067803	133.471663
"Natalja-Kallert-Allee 5-3
37835 Aschaffenburg"		Wende	B-	328-85-4252	35	64.364297	-143.373085
"Viela Leandro Ramos, 31
Belvedere
24927-474 Leão / ES"		Costa	AB+	21057386995	290	20.1081385	78.486854
"Viela Sousa, 1
Alto Das Antenas
27446-286 Araújo do Norte / RJ"	Cartógrafo	Pacheco	A+	90657342106	637	-87.2481225	-14.082739
	Instrumentador cirúrgico	Moura	O+	45198367273	637	-89.6458395	163.881767
"Trevo de Freitas, 744
Olhos D'água
67176-996 Guerra / SE"		Brito	B-	70531928659	336	39.564636	-167.486586
宮城県あきる野市長間28丁目18番19号 皇居外苑パーク182	電気工事士	株式会社岡本通信	O-	754-44-7138	785	-62.1212	-173.836279
"Viale Raffaella, 318
20099, Sesto San Giovanni (MI)"		Tremonti-Sauro Group	B+	DRSLSN50A67I686Z	197	13.097456	56.986969
"Strada Serafina, 6 Piano 0
67034, Pettorano Sul Gizio (AQ)"		Camiscione, Paoletti e Orsini s.r.l.	O+	PRCLDC79L71A478N	89	-61.2485655	-29.941092
"Vicolo Ottone, 951 Piano 7
22017, Menaggio (CO)"	Prison officer	Mannoia-Errigo s.r.l.	O-	MMOBLD12A67D253R	76	-32.774253	2.827085
"80066 Matthew Shores Apt. 456
Smithview, MH 71969"		Peterson PLC	B+	802-73-8915	210	82.7744035	-141.91941
	Florist	Hölzenbecher GmbH	AB-	142-94-1458	514	-87.3082	36.579543
"Ortwin-Dietz-Platz 217
21495 Gera"		Wieloch	B-	332-19-2425	713	-79.478773	113.850687
"Vila de da Rosa, 425
Horto
97636802 Freitas / AL"	Engenheiro de horticultura	Cavalcanti Silveira e Filhos	B-	95481370620	618	-25.1508315	-132.27443
"Favela de Carvalho, 17
Paquetá
62292062 Rodrigues de da Paz / MT"		Macedo - EI	A+	72905643838	630	-65.942248	5.137324
"Vicolo Ettore, 1 Appartamento 45
86019, Vinchiaturo (CB)"		Ricci e figli	B+	MZZRMI81R09G293D	246	66.231385	42.686933
"Erika-Atzler-Allee 529
09784 Nordhausen"		Mitschke Henk KG	O+	526-78-2312	28	55.9856935	12.237383
"Wellerstr. 208
85568 Hildesheim"		Renner Aumann GmbH & Co. KGaA	AB+	384-01-0166	155	79.2737775	-89.107311
"Parque Araújo, 7
Conjunto Lagoa
03347962 Siqueira / AL"		das Neves S/A	O+	82053619759	550	62.085152	-127.461183
	Pathologist	Hawkins LLC	B+	223-08-3152	31	-5.266129	94.176308
	Forstwirt	Koch II Schmidt KG	A-	936-87-2257	38	-23.9121595	-72.941074
"Viale Sante, 657
14037, Portacomaro (AT)"	Agricultural engineer	Chigi, Franscini e Aldobrandi s.r.l.	O+	CHRCLD13L49F193E	518	35.3580975	70.011457
		Black-Davis	B-	859-03-2824	493	-30.812053	-6.770103
鳥取県匝瑳市上高野23丁目10番2号		株式会社阿部保険	O+	089-30-6247	449	-8.7972535	73.183771
	Beamter	Hein GmbH & Co. OHG	A-	054-20-2204	778	-75.5566395	132.725146
"4636 Aaron Rapid
West Ambermouth, FM 83261"		Garcia, Hoffman and Melton	B-	253-55-9276	519	50.143935	22.085607
"Pátio de Monteiro, 36
Vila Jardim Leblon
08914223 Sales de Goiás / GO"	Limpador de vidros	Melo S.A.	B+	63498025198	596	-83.701013	-119.412318
"Pergandeallee 1-9
10128 Kassel"	Bäcker	Seifert Ackermann Stiftung & Co. KGaA	B-	149-64-0526	82		
"Esplanada Vasconcelos, 40
Colégio Batista
21639-204 Caldeira / MA"	Terapeuta ocupacional	Dias Aragão e Filhos	A+	01254983651	242	17.1710765	121.524567
"Vicolo Flavia, 13 Appartamento 83
45014, Donada (RO)"		Cugia-Rossi s.r.l.	A+	BLLSNR12P14H528W	198		
新潟県印旛郡本埜村土呂部25丁目27番15号 氏家新田コーポ505		藤原運輸有限会社	AB-	303-61-6510	719	-8.6406585	62.910266
		Li, Cobb and Chandler	B+	382-40-5399	199	-40.116584	128.804245
"Viale Pagliaro, 3
08036, Ortueri (NU)"	Toxicologist	Flaiano s.r.l.	A-	CMPNNI09P30G770F	779	-86.740564	1.755321
"82833 Vang Path Suite 574
Sanchezfurt, IA 85482"		Mercer-Scott	AB-	034-46-4449	229	41.0488385	-28.55372
"Incrocio Lara, 10 Appartamento 85
19018, Corniglia (SP)"	Development worker, community	Pavarotti, Cicilia e Ziani s.r.l.	AB-	VNTGLN56E45D411O	367	-72.739464	-96.310597
		Schomber	B+	939-49-4413	788	2.905234	-166.804327
"92938 Sutton Isle Suite 495
Nicholasfort, DE 03635"		Kidd Inc	A+	333-94-3606	469	47.54399	124.072644
"Piazza Villarosa, 93 Appartamento 37
61038, Orciano Di Pesaro (PU)"	Engineer, agricultural	Casagrande, Bonaventura e Trussardi Group	O+	MCNSNT49D44D208G	363	75.656982	-91.059695
埼玉県西多摩郡瑞穂町花島26丁目2番10号		村上運輸合同会社	O-	088-08-6173	21	10.451716	128.740246
"Estrada de Novaes, 6
Mirtes
22928033 Rocha / GO"		Nascimento	B+	53467819273	209	-6.1226345	-37.892269
"Manfred-Hölzenbecher-Gasse 45-30
40772 Mühlhausen"		Kreusel Wagner KGaA	B-	879-54-9690	29	39.511539	103.644421
"Incrocio Emma, 7 Appartamento 8
46018, Breda Cisoni (MN)"	Furniture conservator/restorer	Stoppani, Rienzo e Alfieri s.r.l.	B+	PCLMRA55H66B579X	774	-52.9851055	-119.902322
		株式会社前田水産	A-	464-69-1442	225	72.1388015	-132.744863
"42045 Kim Lodge Apt. 507
Pennystad, VI 23271"	Geophysicist/field seismologist	Cohen Group	O+	196-20-4764	700	-60.912754	-91.296507
"903 Guzman Landing
East Alexishaven, OK 26187"		Smith, Fox and Hall	A-	023-19-1725	37	16.860186	-89.598636
"Eckhard-Caspar-Weg 860
50278 Regen"		Jüttner Trupp AG & Co. OHG	A+	713-16-9058	394	-88.6517435	-115.630005
"98566 Isaiah Harbor
Port Jeffrey, NJ 53878"		Brown, Bennett and Smith	AB-	212-92-2528	142	36.237843	18.479739
"59236 Hill Cove Suite 801
Russellview, NY 25397"		Sanchez Inc	O+	793-88-9273	611	29.8205765	-114.462611
	Ferreiro	Nunes - ME	AB+	61398072478	13	48.7759655	99.328636
神奈川県北区箭坪4丁目24番10号	音楽家	株式会社山下銀行	B-	822-99-9237	313	-20.4761755	79.944937
		合同会社伊藤保険	AB-	192-54-8116	229	-39.9294385	-82.673488
秋田県横浜市青葉区氏家22丁目27番4号 シャルム柿木沢545		遠藤保険合同会社	AB-	458-14-4563	718	45.0131105	138.007959
"8311 Jenkins Spurs
South Jennifertown, IA 64588"	Engineer, materials	Ramos Inc	B-	691-03-2684	599	-79.163622	-141.096407
"Viale Barcella, 449 Appartamento 1
20017, Rho (MI)"		Mazzocchi-Gramsci Group	O+	RSSPLT44P14F795Q	698	46.387072	53.42792
		Aragão S.A.	AB+	49671853048	252	10.4995735	-108.584372
"Patricia-Caspar-Platz 5/5
95937 Oranienburg"		Barth Kuhl Stiftung & Co. KG	AB-	082-13-4896	565	-55.946504	-59.421341
"1345 Kevin Walk
Karenstad, PR 30096"	Contracting civil engineer	Nelson-Macdonald	B+	208-90-5896	472	76.526518	91.804337
"Seidelweg 25-56
09508 Uelzen"		Schomber	A-	999-65-6127	760	-35.2489375	-119.618441
		山口農林株式会社	AB-	224-26-4143	133	84.0469455	107.172681
"174 Francisco Port
North Sethburgh, DE 19755"		Edwards-Rosales	AB+	327-25-3175	192	10.953945	78.358639
石川県大田区湯宮14丁目11番17号 コーポ千塚306		合同会社鈴木電気	B+	682-46-5120	197	-23.767759	-1.609731
"Strada Salvatore, 254
15062, Donna (AL)"		Trombetta-Nicolini SPA	AB-	VLTLCU01D30E354F	309	-57.159749	179.709968
"Avenida Vargas, 116
Campo Alegre
15427470 Camargo / AP"		Barbosa S.A.	A-	23805641753	402	-33.0434565	22.511639
"Rua Brito, 19
Mangabeiras
80916-559 das Neves / SP"		Pastor	O-	13902546743	490	12.56689	-163.548094
熊本県足立区上野桜木7丁目24番18号 隼町クレスト443	公認会計士	長谷川建設合同会社	O+	136-58-7501	623	-22.781978	-56.94536
"Annegrete-Jähn-Allee 1-2
48475 Rathenow"		Dehmel Kensy KG	O-	077-12-6865	126	-78.61499	84.836918
"Conjunto de Ribeiro, 65
Vila Santo Antônio
45135-447 Abreu do Amparo / AM"		Porto	A+	27356091461	26	-22.8953235	73.30715
		株式会社松本保険	B-	884-81-2148	29	0.9331	13.58994
"Viale Giustino, 17
95024, Pozzillo (CT)"		Interiano Group	B-	MNCMRZ55M53C816K	260	-35.317287	109.316556
"Hans-Joachim-Freudenberger-Straße 3178
31608 Ochsenfurt"	Krankenschwester	Schwital	O-	215-91-3619	417	-43.9231775	-114.519802
山梨県小金井市松浦町21丁目5番20号 一ツ橋シティ564	ゲームクリエイター	中村建設合同会社	A+	754-85-1927	150	41.640007	-109.896357
"Trecho Alves, 992
Barreiro
12939473 Cassiano das Flores / GO"		Mendes	B+	96724358000	446	22.7942795	-104.446776
		株式会社森情報	O+	693-75-4421	311	-10.355424	164.652908
"22390 Fox Rest Suite 578
Jessicaview, CT 90479"		Nelson-Beltran	AB+	441-40-2094	423	-40.262163	-7.454989
"Conjunto de Azevedo
Fazendinha
19482738 Duarte de Casa Grande / RO"		Monteiro Ltda.	B+	23164897022	652	-9.228659	85.102785
"Chácara de Nascimento, 190
Jardim Dos Comerciarios
26970095 Pires / PR"		Correia Monteiro S.A.	O+	51864237007	89		
福島県大網白里市松石22丁目17番16号 卯の里コーポ321	ゲームクリエイター	合同会社遠藤銀行	A+	072-33-8473	284	10.170478	44.518455
"Andrey-Speer-Allee 78
20021 Eilenburg"	Erzieher	Meyer	B+	891-44-8225	301	52.351935	-30.785383
"Pátio Martins, 11
Pilar
33637-305 Pereira / RN"	Produtor fonográfico	Sousa	B+	19037685277	272	50.234306	51.087461
"Junckenplatz 35/19
40206 Marienberg"	Chemikant	Neuschäfer AG	O-	265-36-4084	159	56.0663205	141.569515
"8828 Mark Mill Suite 035
Maryshire, TX 47371"		Myers Ltd	AB+	475-34-1278	802	-14.903991	-97.104029
"Via Lara, 4
87027, Paola Marina (CS)"		Farinelli-Legnante Group	O-	BRDRND87B47L328U	771	-46.970826	-105.457664
		Henry Inc	AB+	050-49-5672	649	-71.7356895	-132.943531
福岡県横浜市港南区大中15丁目15番13号	調理師	合同会社石川農林	B+	226-67-6155	795	-87.441004	-92.94961
"Marko-Gute-Ring 7-7
26719 Hechingen"		Klapp GmbH	AB-	153-82-2905	466	44.261013	168.916778
東京都調布市西神田5丁目18番12号 コーポ明石町705		有限会社近藤ガス	AB+	720-59-8385	629	47.016393	-160.59097
"685 Mendez Squares Suite 252
Carrhaven, TN 75870"		Matthews, Shea and Kennedy	O-	341-46-8238	398	-2.1875265	-20.235558
"Quadra Maria Liz Farias, 444
João Pinheiro
75498-809 Costa / RN"	Pneumologista	Fonseca - EI	O+	84527361007	651	-26.31952	178.418725
"Saban-Pieper-Gasse 84
62870 Wolgast"		Wieloch GmbH & Co. KG	AB+	693-47-0753	317	-82.189516	-138.864608
"Vicolo Fioravanti, 5
53036, Poggibonsi (SI)"		Jilani e figli	O+	BCCDNI00P25F764Q	119	35.769423	65.529174
		Margraf KGaA	A+	043-03-7640	53	46.7617255	149.579132
		Praga-Basadonna SPA	AB+	PCCBRC92B16C673N	188	-15.773385	-5.133547
"Vicolo Modiano, 25
04027, Le Forna (LT)"	Scientist, research (maths)	Campano-Ginesio s.r.l.	A-	TMMCLD28M12B779G	754	-41.0093595	163.072131
"Contrada Ronaldo, 58 Appartamento 72
32034, Pedavena (BL)"		Adinolfi, Innocenti e Maderna s.r.l.	O+	BGNGRL13L20H901L	442	-81.200905	-113.154028
"Esplanada Antony Costa, 52
Penha
20563363 Alves Verde / ES"		Guerra S.A.	AB-	18706345271	359	49.494857	-11.339362
"Sara-Speer-Straße 99/86
72759 Bad Liebenwerda"		Meyer	B+	152-04-8452	181	-11.3558285	32.612042
岐阜県千代田区方京11丁目2番7号		合同会社渡辺農林	O-	250-10-8556	587		
"Borgo Orlando, 0
34128, Trieste (TS)"		Mercati, Guarneri e Borromeo Group	O-	BZZNTT87P22C128X	327	8.6570905	-168.634523
"Vassilios-Bauer-Allee 67
04540 Dinkelsbühl"		Beyer	AB+	568-13-4370	517	-29.9683715	64.316719
"Hövelweg 11
85237 Finsterwalde"	Erzieher	Christoph GmbH	O-	444-16-5879	78	0.442629	-83.156607
茨城県調布市白金台15丁目20番13号		株式会社井上建設	O-	226-04-4448	39	67.234757	-23.579143
"Colônia de da Rocha, 3
Aarão Reis
85116639 Machado / DF"		da Cunha	A+	96408273122	594	-36.3196285	-11.340078
"111 Gregory Rapids Suite 637
Lesliechester, PW 52877"		Brady, Garcia and Jimenez	B+	615-91-6089	281	1.1533655	-143.667934
"Rädelring 7/7
67006 Halberstadt"		Gierschner	A+	627-47-8568	434	-48.7506165	-49.264407
"466 Tina Loaf
South Cheryl, IL 47730"	Risk analyst	Martinez-Williams	O+	519-72-9190	72	12.3635135	-3.897391
		Williams LLC	B-	193-09-1008	145	-33.0972905	-11.233626
"Slawomir-Weinhage-Allee 2/5
75992 Bad Kissingen"		Jäntsch	B-	956-81-2012	550	79.585924	30.16407
"Schmiedtallee 80
69541 Gräfenhainichen"		Nerger	A+	699-68-4155	384		
	Mensageiro	Barros	B-	39745108693	32	-43.255112	-96.40253
"Canale Flora, 67 Piano 2
80071, Anacapri (NA)"		Cuzzocrea-Fantozzi s.r.l.	O+	NRBGNI77A66E878K	58	-3.422929	-99.830826
"Weinhageweg 6144
38288 Großenhain"		Fritsch KG	AB+	426-21-5302	362	-55.6129855	-46.053157
"Vicolo Leonardo, 49
22073, Molinetto (CO)"		Bramante e figli	O-	CRDMRL64T19F517V	167	-8.762657	149.050555
"Via Ubaldo, 711 Piano 5
26857, Salerano Sul Lambro (LO)"		Tamburello-Zola s.r.l.	O+	BRMPMN53B48C709E	325	-0.9407805	151.321413
神奈川県西多摩郡日の出町下吉羽8丁目26番7号		株式会社松本印刷	A+	727-12-2958	566	-80.415268	24.651389
"03198 Sara Corner Apt. 581
East Mary, FL 37334"		Brown, Graves and Nelson	O-	319-36-8948	793	-23.7839055	-43.881631
"Via Bernardini, 66
45039, Stienta (RO)"		Mattarella-Nicolini s.r.l.	B+	MCCFST40S42G808F	198	0.9992605	127.30783
愛知県横浜市旭区柿木沢32丁目24番4号 コート藤金939		前田情報株式会社	A-	653-94-1578	718	-61.461741	-115.750177
"88983 Anderson Unions Apt. 787
New Bryan, MI 92364"		Lopez Inc	AB+	338-33-1097	38	-57.911589	128.643475
"Vila Mathias Silva, 434
Jardim Montanhês
52695662 da Conceição / RN"		Vargas	AB-	07642853947	698	-81.590723	-30.062389
"Fazenda de Marques, 21
São Benedito
56310849 Rezende de Ferreira / PR"		Sá	B-	61304758966	277	-86.2789605	-176.665925
"Klemmstr. 7-5
87618 Regensburg"		Hamann Süßebier Stiftung & Co. KG	B-	729-72-2200	285	-73.704595	-158.145078
"Incrocio Carosone, 26
43022, Basilicagoiano (PR)"		Seddio-Rienzo Group	A+	BNCPRS15D60A972H	650	53.144323	164.893498
"Reisingring 9827
09139 Peine"		Wulff GmbH	B-	244-99-3554	415	-54.3386005	124.030977
"Wagnerallee 31-76
13905 Neubrandenburg"		Jessel	O+	608-94-3248	84	-63.071552	-157.029479
"Viale Sandro, 60 Appartamento 15
24023, Clusone (BG)"		Chigi e figli	O+	MMNMRS41R06I827L	552	11.989952	151.65934
"Colônia de Mendes, 94
Vila Nova Cachoeirinha 3ª Seção
65552471 Fernandes / CE"	Panificador/Padeiro	Monteiro	O+	03892541698	792	-84.586852	-111.548059
"0233 Erin Lake Suite 705
Lake Stacy, FL 10928"	Brewing technologist	Henderson-Campbell	AB-	135-16-6527	722	-64.3359565	-109.13388
"Borgo Paltrinieri, 90 Piano 0
63855, Montefalcone Appennino (FM)"		Borromeo SPA	AB-	NCLLFD81H67C740H	152	16.2019835	-149.387162
	Optician, dispensing	Porcellato-Gagliano s.r.l.	B-	SRLNZE47D58F134H	310	28.2263465	153.494923
鹿児島県羽村市日本堤32丁目1番14号		株式会社田中ガス	A-	439-88-1411	466	-35.5779265	-107.730802
"USNS Wheeler
FPO AE 72734"	Music tutor	Webster and Sons	A+	239-24-7204	54	83.7096355	-20.152368
"1232 Judy Squares
East Melindaview, NC 33095"		Burton, Williams and Austin	B+	226-11-8386	282	-23.0934945	20.959871
"Canale Fabbri, 1
88818, Pallagorio (KR)"		Taliercio, Balbo e Satta s.r.l.	O-	TRSGNE79B04L707X	478	-71.833199	-18.79579
"USNV Terrell
FPO AE 09620"		Flynn, Wong and Cook	AB-	371-51-6591	259	40.00527	-30.68042
"Via Vinicius Borges, 4
João Alfredo
93415-705 Souza / RJ"		Souza Cardoso S.A.	B+	34659087166	259	-52.40475	-51.023834
"Madeleine-Schenk-Weg 9753
40526 Mellrichstadt"		Jessel	A+	188-93-7353	473	-76.2593885	-170.359831
"Borgo Rosselli, 24 Appartamento 30
24027, Nembro (BG)"		Bodoni-Vespa e figli	O+	NTRGLT58E26F732X	613	39.3202705	118.53903
岐阜県大網白里市上高野31丁目15番16号		株式会社橋本印刷	A+	223-60-3507	25	59.5611395	111.883505
		Clark-Hendrix	B+	630-63-6299	104	16.4215055	-52.856233
"Piazza Donà, 164 Piano 3
67056, Luco Dei Marsi (AQ)"		Fabrizi, Cardano e Broggini SPA	AB-	SCLRMN85D47A930N	293	-76.9080985	26.038219
"Via Omma, 17
46012, Bozzolo (MN)"		Galuppi SPA	A-	GNSPRR49R56H787T	536	-17.3582155	158.841126
"Lina-Wohlgemut-Ring 6/8
37678 Steinfurt"	Fleischer	Hölzenbecher Henk GmbH & Co. KG	AB+	383-18-1138	330	39.987697	-57.534049
"Via Ludovica, 3 Appartamento 53
13888, Ceresane (BI)"		Biagi e figli	B-	SFRFDG57S68A281J	613	-27.2740155	-146.263776
		Kade AG	AB+	649-54-1573	610	-19.3981065	128.435911
福島県国分寺市筑土八幡町13丁目6番16号 ハイツ中小来川151		有限会社藤田印刷	B+	830-78-3237	559	-42.5215235	172.91759
		Bertoli SPA	O+	SLVRMN55B12G233W	169	23.2855755	2.40681
		Grifeo Group	AB+	BRGCRL97C31G565X	200	21.739315	71.100539
		Davidson, Acosta and Mayo	O-	128-95-4383	203	-10.4169245	-164.544836
広島県印旛郡酒々井町柿木沢42丁目3番18号		中村保険有限会社	A+	170-94-5925	76	62.316564	110.939881
"Viela Cunha
Serra
51598-852 Melo da Mata / RO"	Historiador	Pastor	A+	48173209588	644	-29.92481	112.888871
"44918 Bailey Flats
West Stephanieport, MA 57324"	Chartered loss adjuster	Moore, Hill and Dillon	B+	116-93-4814	700		
"1398 Williams Street
Mitchellhaven, DC 44194"	Pathologist	Davis LLC	B+	852-67-5284	147	-5.902497	-2.538624
"Via Pavanello, 94 Appartamento 50
61044, Cantiano (PU)"	Financial planner	Nadi SPA	B+	MLCSLT06A49B788X	457	13.5549785	-9.38609
		山本銀行株式会社	AB-	166-73-8993	513	49.9603745	75.730924
"Via Donna, 53 Appartamento 44
73025, Martano (LE)"		Marconi e figli	AB-	CLBGSN95H61I930Z	274	86.7019925	-115.409587
愛知県八千代市外神田37丁目4番18号 コート虎ノ門082	運転士	株式会社渡辺銀行	AB+	160-52-7891	530	-54.8821945	123.137746
"0330 Tracy Walk
Saraville, UT 74363"	Surveyor, building control	Mann, Terry and Mitchell	AB+	204-36-3954	249	45.175876	-43.39332
三重県八千代市鍛冶ケ沢2丁目11番7号		有限会社山崎印刷	B-	700-81-8498	581	-30.5585025	-8.790656
"07822 Walker Radial
Port Julietown, AZ 52017"	Probation officer	Nelson and Sons	A+	484-27-6418	302	-8.2855625	2.072262
"Núcleo Ana Casa Grande, 9
Novo Ouro Preto
79327665 Moreira de da Mata / MT"		da Mota - EI	O+	56193048766	91	76.965906	163.898726
		Walker LLC	AB-	244-29-2600	72	-59.2402005	115.495908
鹿児島県清瀬市西関宿36丁目12番1号 戸島ハイツ802	漫画家	合同会社鈴木ガス	A-	776-57-4948	413	-41.8188775	99.642895
"Hoffmannallee 31-34
66425 Soest"		Hövel AG	B-	131-09-9937	636	89.5527395	72.318099
"Eberhardtstr. 15/23
88721 Eichstätt"	Mathematiker	Stroh	O-	211-41-9697	177	47.436935	124.53957
"USS Yang
FPO AP 46091"		Zavala-Stanton	AB+	324-05-4900	387	49.7146115	-138.967121
"22233 Derek Rue
Evansport, LA 86842"		Johnson-Schultz	AB+	862-93-6804	461	-65.737998	19.320499
"Condomínio Gustavo Azevedo, 1
Paulo Vi
27272-555 Leão / AP"		da Rosa	B-	60743519884	617	-33.9362715	-85.003821
"Via Berenice, 893 Appartamento 7
22069, Rovellasca (CO)"		Tamburello Group	A-	PTRMRA69L24H561L	422	2.8388235	-87.373516
		Gröttner	AB+	586-31-4429	688	22.408218	-150.593478
"Trecho Casa Grande, 15
Vila Formosa
51630443 da Luz das Flores / GO"		Jesus Martins S.A.	A-	47619803548	476	47.286148	-176.975056
"Canale Matilda, 18 Piano 3
31057, Sant'Elena (TV)"	Optometrist	Murri-Toninelli e figli	AB+	RSSGNL65B41D141C	249	-65.955574	176.407515
"2191 Michael Trail Apt. 784
West Tinastad, WI 03908"		Farmer-Martinez	A+	788-04-1278	113	43.6999375	-54.760096
"Largo Dias, 6
Buraco Quente
35207-034 Pinto dos Dourados / RJ"	Cantor	Correia - EI	AB+	42836570180	245	-48.1388105	-109.873907
"Hartmannplatz 2
68280 Bamberg"		Schaaf	A+	803-43-7058	312	44.5816835	-121.286175
"Martha-Schuchhardt-Straße 8
45243 Burgdorf"		Hübel Junck GbR	O-	098-46-3244	181	2.9226835	160.89902
"Lago Rael Vargas, 52
Pedreira Padro Lopes
53912581 Vieira das Flores / RS"	Comissário de bordo	Viana	AB-	86532107417	277	-88.098769	-122.721456
"179 Brendan Path Suite 222
Perryport, OH 25671"		Henry Ltd	B-	322-39-1511	740	-38.3661845	157.362137
茨城県横浜市港北区土呂部38丁目12番6号 コート前弥六584		小林食品合同会社	O+	704-59-3240	53	-22.605082	-78.363203
"Praia da Mota, 8
Vila Havaí
15357840 Brito / AL"	Lavador de veículos	Viana	B+	60493825142	238	67.284889	38.386566
"Unit 0417 Box 0211
DPO AA 26526"	Scientist, audiological	Krause, Smith and Evans	B+	684-45-8044	599	-10.905144	-111.052939
	Conservator, museum/gallery	Bean, Pena and Pope	A+	458-27-9901	205	31.3440095	-128.781809
"8071 Mcdaniel Squares
Bennettton, CO 47217"		Johnson-Hawkins	B+	710-94-4857	100	15.2409695	-12.626875
"12308 Myers Curve
Codyburgh, MI 23754"	Learning disability nurse	Morton Group	AB-	201-17-6777	684		
"Unit 4043 Box 3394
DPO AP 40122"		Ward-Tucker	O-	076-42-9767	455	-69.753748	45.033577
"Contrada Chigi, 17
56040, Crespina (PI)"	Data processing manager	Mezzetta, Chigi e Romagnoli s.r.l.	B+	CBBPTZ87S53G966C	521	59.147484	2.385811
"8341 Lopez Drives
Martinville, WV 22271"		Tyler, Cameron and Garner	AB-	745-28-3463	303	30.158732	-156.426923
		Wirth	A+	245-88-7100	505	-40.698588	172.77252
"Rua Vinicius Gomes, 78
Vila Paquetá
25332-481 Pires / ES"		Carvalho Peixoto S.A.	B-	32607854180	78	30.774803	-9.585427
"32348 Timothy Cape
North Juan, FL 20693"	Risk analyst	Walker-Vasquez	O-	032-01-4280	512	-64.0339815	-178.657668
岩手県西多摩郡瑞穂町土呂部24丁目18番17号 コーポ卯の里008	医療事務員	井上鉱業有限会社	AB-	764-21-8065	198	53.396094	-133.155516
"Borgo Piergiuseppe, 92 Appartamento 8
19015, Levanto (SP)"	Engineer, biomedical	Trapani s.r.l.	O-	MCCSIA13P27I304H	44	46.0637465	84.354233
"Knud-Bohnbach-Ring 49/31
55361 Jülich"		Wesack	AB-	025-41-2824	384	-8.2281135	-10.665402
山口県渋谷区鍛冶ケ沢15丁目26番3号		有限会社岡本電気	A-	551-56-0598	104	-75.746785	77.128974
"Karola-Jacob-Ring 6-5
38090 Goslar"		Ruppert KGaA	O+	454-82-5133	23	-38.024766	-71.438372
"3933 Rebecca Walks
Lake Stephaniestad, OK 59020"	Editor, commissioning	Harvey-Cole	AB-	495-85-7674	313	-36.6072335	-74.895739
"Condomínio de Fernandes, 4
João Alfredo
97066-889 Cardoso de Rocha / MT"		Rocha Teixeira S/A	A-	14376529800	676	-59.6086055	-8.165187
		近藤運輸有限会社	B+	878-10-9686	53	84.052036	109.620397
		Drubin KG	AB-	136-79-3524	211	88.537473	-16.730137
"Jan-Peter-Thanel-Weg 71/30
41493 Hohenmölsen"		Seifert Mielcarek KGaA	A-	558-25-1804	702	-2.405579	-131.909637
"847 Scott Stravenue Apt. 010
Wilsonchester, NJ 37994"		Sanchez LLC	B-	053-81-0338	493	-9.929687	118.737431
"Kargeplatz 149
98325 Kötzting"		Köster Mans AG	AB+	516-27-7749	760	-26.2533385	81.877777
"Alexandra-Otto-Platz 14
08419 Hannover"	Forstwirt	Eigenwillig Gertz AG	B-	424-61-9525	698	-71.0804255	55.688688
"Feira Heitor da Costa, 614
Alpes
54809-131 Caldeira de Duarte / RS"		Lima	AB+	80952164370	349	25.791058	-58.252398
"75722 Yoder Crossing
Simonmouth, AR 83954"		Griffin-Martinez	O+	801-61-6326	550	60.2917345	73.955093
"Strada Spallanzani, 7
93014, Polizzello (CL)"		Gualtieri, Foletti e Sansoni s.r.l.	B+	BGTCML24L48H690P	244	-0.2064055	77.127982
		橋本ガス合同会社	B+	398-52-7544	574	-4.445029	145.636683
福島県新宿区湯本塩原28丁目21番12号 コート麹町516		鈴木銀行合同会社	AB+	469-02-7909	561	-24.631829	44.46862
"Viale Pisani, 413 Piano 9
44014, Madonna Boschi (FE)"		Murri s.r.l.	O-	MTTFLV19P30B195Q	290	30.7596435	7.385628
愛知県いすみ市二つ室9丁目17番16号 パレス脚折126		阿部建設合同会社	O-	232-40-0775	697	4.8531305	-58.50917
"Vicolo Cavanna, 42
50063, Figline E Incisa Valdarno (FI)"	Designer, graphic	Morricone, Maderna e Gabrieli e figli	AB+	NDAFRC22M44F162P	449	85.886327	-126.077813
"Herrmannallee 7375
79934 Uffenheim"		Dussen van	O-	549-68-4547	194	-18.7864875	91.784286
		Lussu e figli	O-	MNCPMN36B58B827C	102	76.6352125	57.979858
	Fleischer	Bloch Mentzel AG	O+	401-32-8955	269	-57.100756	40.602639
長崎県横浜市旭区入谷32丁目18番10号		太田食品合同会社	A-	432-14-9502	723	13.2138935	-20.736831
"057 Tiffany Ridges
Lake Nathanielfurt, MA 51653"		Anderson PLC	O-	203-92-0544	81	-29.225594	-155.870422
		Lehmann Sontag AG	AB-	157-21-3156	408	63.8041245	25.280464
"05151 Thompson Pine
West Mark, DE 68548"		Burns Group	O-	792-83-5508	257	-34.6626355	29.973293
"Niklas-Thies-Platz 1-3
09544 Beilngries"	Forstwirt	Ortmann e.V.	O+	657-23-9627	666	69.047533	-165.394215
"Viale Alessia, 91
03048, Sant'Apollinare (FR)"		Trotta-Mennea Group	AB+	CSDMRN09M27I850N	573	73.4169145	92.667293
"8530 Catherine Harbor Apt. 162
West Amyburgh, KY 82303"		Andrade-Rodriguez	O-	738-10-3608	627	-76.1328375	119.769095
"58039 Garcia Stream Suite 008
Whitemouth, MH 33626"	Scientist, research (medical)	Hayes-Smith	AB-	277-91-1055	222	86.2547365	85.099887
"Rudi-Löwer-Allee 5/9
63994 Illertissen"		Berger Binner e.G.	O-	108-54-2218	488	-27.092664	57.587279
"27831 Madison Court
Port Laurenhaven, PA 88710"		Cook-Christian	A-	496-91-2086	21	57.96036	28.0815
"Burckhard-Dowerg-Platz 43/77
88596 Nabburg"		Henck	B-	687-38-5904	443	68.8417905	-47.680736
福井県横浜市南区権現堂22丁目10番10号 猿楽町ハイツ770		後藤通信有限会社	O+	156-44-3958	459	-44.7737885	137.364279
"78535 Brown Course Apt. 300
East Amandachester, WV 79514"		Fitzgerald LLC	B+	635-42-2733	751	-74.781556	-88.491206
宮城県山武市四番町9丁目22番1号		合同会社高橋保険	A-	474-65-2232	726	-51.8567785	-74.936352
"363 Erik Wall Apt. 061
Hopkinsville, FL 62177"		Lee, Rodgers and Schroeder	AB+	894-03-2717	140	-60.8533725	84.136735
"Eckbauerstr. 453
88893 Finsterwalde"	Altenpfleger	Koch Stiftung & Co. KG	A-	044-67-1167	801	23.2239185	38.664762
"Alameda Levi Monteiro, 6
Vila Atila De Paiva
01671473 da Cruz / AL"		Casa Grande S.A.	A+	53974682074	150	-61.675399	80.007635
北海道江戸川区皇居外苑15丁目25番6号 芝大門コーポ902		株式会社清水水産	A-	866-61-9724	672		
"Fabienne-Stahr-Allee 43-73
42464 Mellrichstadt"		Vollbrecht Sorgatz AG	O-	361-88-3485	387	-11.840295	-114.064633
"Sítio de Barros, 435
Maria Helena
04612903 Ferreira Paulista / CE"		da Cunha	B+	79521306416	631	-9.4023845	-108.641745
"Briemergasse 7886
26797 Kelheim"		Peukert AG	AB+	329-11-2192	519	-43.4633215	63.161974
"Via Iadanza, 96 Appartamento 87
10037, Torrazza Piemonte (TO)"		Tosi, Galilei e Borsiere SPA	O+	LTTBTN11D24I914T	90	-77.7880915	112.762606
山口県西多摩郡瑞穂町大中4丁目25番16号 パーク権現堂001		近藤水産株式会社	AB+	155-36-2989	490	59.424497	-156.727169
"16302 April Manor Apt. 535
Lake Charles, MD 16487"		Sanders-Hartman	AB-	099-81-5445	264	18.3648865	131.801582
長野県小金井市平須賀1丁目17番14号 二つ室ハイツ365		林情報株式会社	AB-	164-34-8884	159	39.284531	-120.420396
"Aeroporto José Pedro Fogaça
Camponesa 2ª Seção
65860-709 das Neves / CE"		Caldeira	AB-	23605798438	313	-24.4710705	-179.657151
		合同会社加藤通信	A-	125-67-1594	583	58.4338095	-111.771313
"Largo Amanda Lima, 53
Morro Dos Macacos
95777941 da Cunha / PR"	Webmaster	Gomes	AB+	39702584132	671	23.8916195	-148.352221
"Martinring 8-2
68502 Erding"		Henschel KG	AB+	754-99-8541	656	18.767597	-116.586187
"05856 Mitchell Crest Apt. 773
Lake Tim, PA 10422"		Brown, Lynch and Long	AB-	888-47-4690	75	-15.108694	149.729829
"Möchlichenstraße 45/68
99454 Pritzwalk"	Techniker	Rohleder Noack Stiftung & Co. KGaA	A+	279-00-9936	530	82.6922145	-150.634374
"Hermannstraße 7/2
97690 Pfaffenhofen an der Ilm"		Löchel GbR	AB-	917-29-2071	367	-9.9928655	-61.305465
"84828 Sandra Passage
West Tracishire, MS 06359"	IT consultant	Warren, King and Castaneda	O-	102-14-1943	787	-49.9795805	165.753239
		Hayes Group	O-	527-99-1881	173	5.452649	96.740234
"Conjunto Maria Cecília Moura, 7
Distrito Industrial Do Jatoba
16336107 Moraes de Minas / TO"		Campos S.A.	A-	90437682196	268	-33.7201595	146.579724
		Contarini, Viola e Tosto Group	B+	BNDNTN74T48B636W	377	3.7527125	23.62833
"Incrocio Gottardi, 82 Piano 6
38011, Cavareno (TN)"		Delle, Bacosi e Marinetti e figli	O+	MNTPLA13T02L097U	793	-16.501593	37.11441
"Canale Terragni, 6
15054, Caldirola (AL)"		Lancisi, Falcone e Gatto e figli	AB+	RTCPSL52R64L820L	207	37.3272205	-143.307537
		Freitas Campos Ltda.	AB-	27895014323	54	-38.934008	-158.764167
"Hornichstraße 4
22434 Wolfenbüttel"		Karz	B-	627-76-8523	92	-67.3324075	-106.569315
"Klotzgasse 693
33675 Hersbruck"		Oderwald Birnbaum GmbH & Co. KG	O-	459-62-5254	87	86.256946	91.532805
"Rotonda Doria, 494
98036, Graniti (ME)"		Bartoli-Saracino Group	O+	PZZDNI93E28E786Y	60	-11.163568	-60.377023
大阪府横浜市神奈川区高田馬場4丁目1番15号	音響技術者	鈴木印刷有限会社	O-	557-02-0116	651	28.3250305	-108.13918
"Berta-Schulz-Straße 1/4
32316 Saulgau"	Friseur	Kramer Barkholz AG	A+	172-14-7084	301	73.710223	-160.634461
"Berit-Siering-Platz 9-4
88348 Grimmen"	Bankkaufmann	Huhn Hein AG & Co. KG	B+	907-11-1246	160	-61.365455	-138.571959
"Margrit-Kreusel-Platz 33/15
20637 Wittenberg"		Huhn Reichmann GmbH	B+	060-99-0139	714	11.5283965	-63.945071
		Hiller GbR	A-	171-50-8648	194	-47.2062695	52.757062
		da Mata	O-	69874051230	767	34.2581615	-76.359309
"Praça Pires, 90
Jardim América
09851885 Leão de Gonçalves / MA"		Gonçalves - EI	B-	91725438682	617	-84.3318345	100.92801
"Stretto Francesca, 3
64032, Santa Margherita (TE)"	Exhibition designer	Bondumier Group	A+	PNNTZN25A03B613D	770	49.7967985	49.935468
"Rotonda Sebastiano, 53
09129, Cagliari (CA)"	Charity officer	Tognazzi, Nievo e Ammaniti s.r.l.	B+	GGLGUO82A67A255Z	498	46.197803	109.479839
"Viale Persico, 12 Piano 0
15078, Rocca Grimalda (AL)"		Iannotti Group	A+	DNZPRI34H50A027Y	410	-84.4396225	61.955798
"Via de Câmara, 91
Ambrosina
18193-334 Ramos da Mata / CE"		Mendonça	A-	54931620833	532	-23.9307595	90.650474
		Moyer-Gamble	AB+	035-29-4521	504	3.727449	-176.978962
"Stretto Brunelleschi, 470
20085, Locate Di Triulzi (MI)"		Righi e figli	B-	RCCLZR56P54I548Q	66	13.373887	63.799633
"Schweitzerstr. 1
51010 Erkelenz"	Binnenschiffer	Hiller	AB-	702-96-0284	132	-0.057181	-57.147769
"Chácara de Costela, 248
Conjunto Capitão Eduardo
68512037 Silva / GO"		Novaes - EI	B-	17480935684	524	53.4628615	-58.047349
	Teacher, secondary school	Bataglia Group	O+	BRNSTL44A25C964R	173	53.108018	-75.048156
"Vereda de Silveira, 4
Santa Inês
53914-604 Ribeiro / PI"	Engenheiro agrícola	Oliveira	A+	65487231982	592	-72.2939195	-131.221116
"Feira Monteiro, 27
São Jorge 3ª Seção
90580367 Sousa de Goiás / SP"		da Luz Correia - EI	A-	92350748600	241	-79.8605265	-26.36895
山口県南房総市油井4丁目11番5号 シャルム羽折町872		池田ガス株式会社	AB+	281-78-4431	755	-57.000832	175.467199
"Morro Vieira, 46
Santa Terezinha
59696-115 Barros / RS"		Barros	B+	15482697002	713	-68.7650155	69.789182
"Largo Rhavi Cunha
Lagoa
20271438 da Rosa do Galho / RJ"		Costa S.A.	AB-	39046758265	177	68.222736	168.173775
"Ladeira Luísa Rios, 81
Santa Monica
88792-429 da Cruz / GO"		Aparecida	O+	69540871301	337	-7.0946645	25.674988
"835 Farrell Mountain Suite 141
Kimberlyshire, AR 56536"	Industrial/product designer	Perez-Garcia	O-	276-03-9537	7	-67.2063775	-8.1482
"Unit 6649 Box 9511
DPO AE 80009"		Walls, Martinez and Burton	O-	115-58-6588	731	65.5543165	-146.571288
	Winzer	Sorgatz	A-	391-32-8314	631	-45.824991	-14.733383
		Nichols-Spencer	O-	344-81-2456	386	75.915791	146.299314
	Insurance underwriter	Errigo-Pagnotto Group	A-	FNZGRG83B56G665V	488	-13.4168325	154.052737
		Diaz Ltd	B-	281-42-5374	618	-4.109995	-116.544755
"Conjunto Pinto, 855
Gameleira
24287-604 Ramos / BA"		Novais Ltda.	A-	29176504352	126	87.519896	-122.074735
"Muharrem-Köster-Allee 98/48
22889 Hoyerswerda"		Beier Barkholz KG	A-	134-90-8645	87	12.373771	115.586834
高知県八王子市山中新田41丁目15番10号	アーティスト	有限会社中島運輸	O-	757-29-7032	707	-87.45279	-24.666324
"Recanto de Camargo, 807
Camargos
05239988 Ferreira da Prata / SE"	Cantor	Silveira	A+	62731480580	49	36.0994515	-38.390598
"Linkegasse 13
13230 Artern"		Fritsch Dowerg e.V.	AB-	123-96-0570	354	-75.187191	89.681876
"Via Lilla, 3 Appartamento 1
38033, Masi Di Cavalese (TN)"		Rossini-Tamburi e figli	O+	MZZBRN44L47L447L	775	-55.84322	-177.284437
		佐々木情報有限会社	O+	025-88-9743	353	-54.7709165	-87.185996
"Piazza Annetta, 131 Piano 7
91021, Campobello Di Mazara (TP)"	Surveyor, hydrographic	Onio-Carpaccio Group	B-	GDDBNC97T02C317S	248	-60.9099545	73.13157
"Reiner-Holt-Weg 3-5
76026 Jena"		Finke Stumpf GbR	B-	977-63-8280	665	-57.812928	139.917575
"Praça Ana Lívia Vasconcelos, 32
Fazendinha
57480-212 Porto / ES"		Rodrigues	B-	06183759295	353	27.168499	-77.583192
"Claus-Dieter-Caspar-Platz 5837
41081 Anklam"		Mitschke e.G.	A+	498-38-3317	80	-15.6358835	146.128558
島根県南房総市横林16丁目21番3号		株式会社井上食品	A+	589-62-7346	286	-16.3934135	28.239861
山梨県豊島区雷門25丁目10番10号 パーク筑土八幡町581		合同会社後藤通信	O+	774-16-1680	674		
"Incrocio Filogamo, 8 Appartamento 9
10038, Borgo Revel (TO)"	Meteorologist	Majewski-Vidoni Group	A+	GRZLLR01C18A497T	569	-54.2236655	-115.307904
"Antonius-Geisler-Gasse 78/80
63864 Altötting"	Asphaltbauer	Nette	AB-	783-67-8989	365	-33.352832	33.654014
"8237 Tiffany Islands Suite 576
Sanchezchester, PW 32433"	Database administrator	Boone, Murray and Knight	B-	025-28-7116	616	-15.4205245	-54.690807
"1934 Davis Springs Suite 789
Guerreroside, KS 79910"		Gray Group	B-	415-36-6839	435	-77.0238665	-120.962276
"Ernestine-Lindau-Straße 70
88903 Ludwigslust"		Röhricht	O+	925-18-9966	278	74.5500045	-168.935175
兵庫県横浜市保土ケ谷区花島26丁目26番11号		山口情報有限会社	B+	153-17-8219	802	54.3038835	150.017881
"Rotonda Franco, 66
81059, Montano (CE)"		Ajello e figli	A+	LNCDNN71B22A314W	532	83.913996	139.662403
"Vicolo Serao, 17 Appartamento 37
31047, Negrisia (TV)"		Biagi-Mondadori SPA	B+	CPNMRN94T12C459Z	204	-9.7804135	-173.264997
"Swen-Berger-Weg 18/56
39337 Moers"		Weitzel AG	B+	610-66-7163	712	65.995297	174.687972
"45696 Brandon Road Suite 340
East Ashlee, CA 66538"		Stanley, Douglas and Sullivan	B+	139-30-9088	585	84.716488	90.107479
"Conjunto de Ribeiro, 50
Bernadete
11473244 Leão / MT"		Moraes Câmara S/A	O-	68423901769	612	1.0524835	-27.007228
"Nergerweg 705
90729 Prenzlau"		Bohnbach	AB-	312-02-6803	1	-75.282504	-67.656145
"Fazenda Peixoto, 54
Castanheira
05908-815 Jesus / PA"		Fonseca Montenegro e Filhos	A-	15480632744	777	-67.563905	-124.336594
"649 Kyle Avenue
Barnesbury, ND 75697"	Financial controller	Stanley-Ruiz	O+	674-43-2795	416	-22.504809	-143.72614
東京都横浜市緑区高輪27丁目7番19号	航海士	合同会社山崎通信	A-	690-88-7917	591	-24.0114015	-16.458707
高知県山武郡九十九里町細野14丁目7番7号 卯の里シャルム869		合同会社高橋印刷	B-	592-06-3597	575	4.5769275	3.69283
"Vereda Luiz Otávio Costa, 16
Vila Puc
95396-233 da Luz / SE"		Jesus Nogueira e Filhos	O+	41970258314	421	68.6045225	-39.667107
		Jesus	AB-	29706345892	750	77.2417815	-179.136987
"Canale Viola, 72
37064, Povegliano Veronese (VR)"		Morricone-Garrone s.r.l.	AB+	DSEFRZ92S54A257S	462	-29.5222895	-18.22679
		合同会社後藤鉱業	AB-	228-67-6959	496	-9.1168385	-2.271325
	Education officer, community	Palladio, Fanucci e Marinetti s.r.l.	A-	SMNDMA94M61I888M	7	13.579991	-74.895861
"Morro de Costa, 589
Centro
47813218 Cardoso de Nunes / ES"		Ribeiro	O+	14273689537	674	-37.2759235	-99.216087
"Vicolo Fagiani, 45
54100, Turano (MS)"	Therapist, nutritional	Dalla-Corradi Group	O+	LNCPNL33R48G080V	389	51.5319965	-149.798133
"Residencial Maria Helena Caldeira, 20
Cardoso
54118052 Cunha das Pedras / DF"	Naturólogo	das Neves - ME	AB-	49712683087	598		
静岡県墨田区鶴ヶ丘10丁目18番8号		合同会社渡辺建設	A-	608-36-9735	696	-8.0798765	51.444311
"94339 Stephanie Gateway
North Laura, MD 09842"		Mcintosh-Santos	AB+	356-47-5728	442	-57.9909485	-74.340287
"Travessa Daniel Pinto, 51
Betânia
81884-417 Freitas / RO"	Atleta de canoagem	Cirino	A-	27830145644	536	40.880881	5.847351
"Francisco-Schönland-Weg 70-39
37573 Plauen"		Reuter	B-	019-51-4834	492	-12.8617345	77.885115
鳥取県富里市西神田3丁目12番13号 前弥六クレスト835		村上通信株式会社	B-	210-48-5268	719	-16.4362625	-170.490505
"Avenida Azevedo, 71
Nova Cintra
91264781 Brito / TO"	Marcador de luz	Moraes S/A	B+	05486917201	416	-27.3813995	-70.0182
"276 Andrew Curve Apt. 617
North Ruben, AR 86701"		Willis-Ferguson	A-	839-28-5521	106	-70.6841545	-174.999826
"Strada Sanudo, 89 Piano 1
26038, Torre De' Picenardi (CR)"		Ceschi e figli	A+	RMNLNA08R31I376Y	619	87.929395	-171.81028
		Vargas Cunha - ME	B-	38715096475	546	79.641645	-147.660978
"Stefan-Sauer-Weg 3
86945 Weißwasser"	Florist	Hendriks	O-	045-97-8174	440	-72.8538905	-5.514378
		Davila Group	AB-	846-74-4281	801	-30.1778005	-118.816884
山形県印旛郡酒々井町長間27丁目20番18号 白金台シャルム193		鈴木印刷株式会社	O+	228-32-7089	721	-65.008074	-7.102861
"Bienstraße 192
73369 Beilngries"		Röhricht	AB+	192-72-6828	294	80.428018	7.438569
奈良県日野市藤金42丁目26番7号 パーク独鈷沢613	コピーライター	有限会社清水鉱業	AB-	681-40-0109	767		
"Kobeltring 437
09255 Saarbrücken"		Roht	A+	865-55-9759	619	11.050789	-97.533074
"Canale Marissa, 2 Piano 9
12034, Paesana (CN)"	Architectural technologist	Fornaciari-Babati Group	A+	MRNNDD69A15F452L	411	-37.6964285	87.438206
大阪府中野区東和町19丁目16番2号 パレス浅草980	医師	株式会社三浦水産	AB+	089-73-4915	758	65.27971	-158.64903
"Favela Diogo Fonseca, 221
Bernadete
48316-685 Nunes / PE"		Pereira	B+	95231608424	529	23.8961755	-82.738457
"91693 Ballard Tunnel
Karinaland, CA 15168"		Huang-Li	AB-	375-15-7470	183	73.402662	-65.061168
"Hermannweg 2/7
70622 Tirschenreuth"		Süßebier GbR	B-	294-31-4381	291	-56.723591	82.873974
"6602 Derrick Place Suite 331
North Jacobport, MD 42761"		Mcgee-Andrade	AB-	147-35-3365	258	63.0462885	-156.169399
"Setor Porto, 93
Marieta 1ª Seção
54103657 Cavalcante / RR"		da Conceição Pires - ME	A-	29831045750	505	80.942594	43.545792
"Schaafstr. 4-2
43856 Borken"	Fachinformatiker	Käster Martin Stiftung & Co. KGaA	AB-	526-19-2955	341	-56.1966925	-149.355795
"Unit 0750 Box 1033
DPO AE 38308"		Fox Ltd	O-	767-66-7003	603	80.128428	-12.766831
"Rodovia Ribeiro, 111
Tirol
02014014 Machado Grande / AM"		Cardoso	AB+	36018749203	316	1.53481	-75.818909
"Viale Giustino, 43
31048, San Biagio Di Callalta (TV)"	Engineer, civil (consulting)	Gozzano, Donini e Ricolfi s.r.l.	A+	RROGDI40B22C024J	804	1.643473	-126.184642
"Setor Lopes, 320
Carlos Prates
87308016 Casa Grande / RO"	Cientista da informação e documentação	Ferreira Andrade S.A.	B+	59176402894	227		
"322 John Walk
West Thomas, MS 96622"	Production designer, theatre/television/film	Mueller-Thornton	A-	377-83-1152	322	-25.546043	38.280376
"6188 Adam Shoals Suite 570
Bennettside, WV 24927"		Jones-Castillo	B-	193-71-1137	236	84.0976045	38.38005
"Hellwigstr. 9902
36919 Kelheim"	Fleischer	Zänker	A-	700-81-3218	331	88.9657355	144.711281
東京都香取郡東庄町東浅草15丁目21番17号		合同会社中村ガス	O+	075-22-4747	516	38.489353	20.742352
"80243 Miller Vista
Sandersview, ND 08087"		Andersen, Townsend and Lyons	AB+	296-28-1513	642	85.0279335	133.421455
"Unit 0892 Box 9283
DPO AP 54367"		Howard, Little and Johnson	O-	574-81-7819	69	19.008376	8.246073
"Rudolphstraße 76-77
53230 Geithain"	Fachinformatiker	Mentzel Köster GbR	O-	322-32-5952	236	-78.698792	-161.468156
"Strada Niscoromni, 854 Piano 2
32033, Arina (BL)"		Lussu, Ferrazzi e Modiano s.r.l.	AB-	DNSSRN34B07C398G	781	32.563049	54.960175
"9073 Kathryn Island
Lewishaven, NV 32914"	Race relations officer	Padilla-Smith	AB-	195-90-2247	70	-52.488586	20.092962
"Walfried-Vogt-Ring 565
14999 Neubrandenburg"	Winzer	Drub GmbH	A-	427-28-6204	407		
岩手県荒川区下宇和田41丁目15番3号	農家	有限会社小林食品	B-	067-40-0974	279		
"86051 Jessica Mountain Suite 480
Gonzalezhaven, NV 77927"	Operational investment banker	Montes and Sons	A+	743-86-2600	692		
北海道君津市上高野35丁目18番14号 竜泉パーク640		株式会社清水建設	B+	792-03-6953	10	-37.0330265	-10.670569
	Television floor manager	Hoffman-Norris	B+	562-70-4919	137	16.513571	138.914142
"Steffen-Dowerg-Platz 3
37477 Bamberg"		Roht Zänker AG	O-	441-29-0102	439	-44.7127435	93.297293
"Vicolo Stella, 10 Piano 4
71017, Petrulli (FG)"	Chiropractor	Caetani Group	A+	SNDRBT42E19L988N	267	-72.2407285	29.587575
"Vicolo Flavio, 239
39038, Winnebach (BZ)"		Pirelli, Navarria e Polizzi SPA	A-	VZZSYV97H21L019U	794	73.326424	103.033075
		Verdone s.r.l.	B-	MLSSNR79E11L314E	352	-50.046009	-160.217788
青森県横浜市神奈川区入谷16丁目9番19号 アーバン土沢257	小説家	合同会社佐藤情報	AB+	537-32-1213	174	-1.0241065	-85.105047
"Piazza Riccardi, 9 Appartamento 2
50013, Capalle (FI)"	Transport planner	Rusticucci-Fagiani e figli	O+	GLTDNI06P07I296F	584	81.0038375	-131.734603
東京都北区細竹5丁目26番19号 西川パレス917		中島運輸株式会社	AB+	349-22-6838	529	27.4612145	94.171522
		Salz Pieper AG & Co. OHG	A-	935-57-3821	567	25.3340645	163.360273
"Viela Laura Ramos, 6
Minas Brasil
14939480 Mendes / AC"		Fogaça	O+	80231469713	185		
"Canale Tullio, 49
88900, Crotone (KR)"		Schiavo e figli	B+	GRTCRL43C66A419G	355	-83.6044955	-78.141768
"Canale Donatello, 5 Piano 9
80053, Ponte Della Persica (NA)"	Trade mark attorney	Valmarana-Palmisano e figli	O-	BSNFST66S57E606H	643	44.7139775	145.494856
京都府横浜市青葉区轟7丁目14番16号 中三依パーク914		株式会社高橋印刷	AB+	715-11-2645	659	3.640617	28.419319
"Jiri-Förster-Platz 1-1
12997 Cottbus"		Wähner AG	B+	621-19-7773	783	11.585597	-36.501529
"433 Martinez Street Apt. 341
Juanview, WY 45639"		Reed, Miller and Hamilton	B-	003-57-9770	735	-59.4513075	-60.957457
		伊藤農林有限会社	AB-	263-74-6752	603		
熊本県夷隅郡御宿町北上野32丁目11番12号 シティ北青山821	薬剤師	合同会社山崎水産	AB-	150-21-0508	605	42.304687	2.188834
"Grafring 40/11
33377 Iserlohn"		Rädel AG	AB+	787-39-9108	773	44.732233	123.433229
静岡県横浜市中区細竹17丁目17番7号		合同会社中川通信	AB-	436-61-3418	695	26.9370505	121.445485
"Strada Sabatino, 14
98068, Tesoriero (ME)"		Donarelli, Renault e Pertile e figli	A-	BTGRDF90S67F377Z	7	-39.84743	61.000668
宮崎県横浜市港北区芝大門6丁目23番14号		清水印刷合同会社	A+	316-32-1600	527	-61.8621755	-122.330192
茨城県浦安市土呂部33丁目25番10号 ハイツ押上189		吉田水産有限会社	O-	895-40-3777	523	26.769744	-39.006428
"9863 Tara Grove Apt. 157
West Melissa, IL 33607"		Nguyen-Suarez	AB-	549-64-3545	649	-55.040943	113.967461
"Luise-Gorlitz-Weg 73-51
71530 Apolda"		Hübel AG	A-	836-96-0012	56	-13.2469155	-161.959767
"Residencial Marques, 79
Alta Tensão 2ª Seção
21219491 Nogueira Alegre / AL"		Fernandes Souza Ltda.	A-	83426591006	146	68.5507755	-130.769431
"Rotonda Giovanna, 92 Appartamento 36
54033, Castelpoggio (MS)"		Capecchi-Modugno SPA	A+	PSTNTL85D66G871B	204	79.4367075	17.901444
"36057 Chung Common Apt. 269
New Daniel, OK 56449"		Martin and Sons	AB-	734-64-9915	711	81.121711	33.062297
"Via Vito, 88
24123, Valtesse (BG)"		Borromini-Ludovisi s.r.l.	B+	VTTSBN73A53L384M	561	25.298343	51.306212
		Cirino Moreira S/A	A+	76598042194	754	-23.2484455	146.718316
	エンジニア演奏家	株式会社吉田食品	B-	371-86-7178	97	13.4596565	-135.926901
群馬県北区平河町16丁目18番7号		有限会社鈴木印刷	A+	316-21-1591	418	47.135719	-60.726054
		Moura S.A.	A-	15862943773	604	-11.2885975	157.854538
"Stretto Eraldo, 92 Appartamento 91
00059, Tolfa (RM)"		Molesini Group	AB-	TRNGNN56T29E337V	518	70.338572	-26.675896
"Oswald-Speer-Allee 4
85318 Hildburghausen"		Eberth	B-	508-77-4840	229	-38.4531255	151.922635
"Contrada Callegaro, 711 Piano 8
62026, San Ginesio (MC)"		Rossi, Magnani e Stradivari SPA	B-	CLLDNL04P50D566B	554	86.6473565	-177.60787
"Strada Zanazzo, 46
26023, Farfengo (CR)"	Financial controller	Tebaldi, Aloisio e Finetti s.r.l.	A+	PVNVNN83R04G847B	690		
"Via de Martins, 6
Araguaia
72901423 Correia de Casa Grande / AL"		Moura e Filhos	AB+	47935861048	479	-23.598339	71.329789
"Hahnplatz 4-6
11178 Oranienburg"		Caspar	O+	110-69-0057	486	88.872479	3.561668
"Danilo-Kraus-Weg 6845
27030 Schwäbisch Hall"	Pilot	Atzler GmbH	A+	956-61-7047	330	32.2519195	-157.144945
"Lindnerring 40/65
45934 Nördlingen"		Gumprich Faust GbR	O-	483-13-0198	750	-52.1627115	-101.597731
		Hettner	AB+	076-46-4320	323	-42.48602	98.750506
"Wiekstr. 537
61339 Lörrach"		Stroh	AB-	179-50-8106	297	43.099291	149.219472
福島県御蔵島村前弥六南町1丁目26番9号 クレスト虎ノ門虎ノ門ヒルズ森タワー570		林保険株式会社	AB-	640-81-8874	528	60.023666	176.492662
"Christophallee 4503
18475 Lübz"		Stadelmann Siering AG	B-	144-80-3230	493	-6.8073085	-105.335789
愛知県横浜市泉区蟇沼41丁目11番16号 秋葉原コーポ570		中村ガス有限会社	A+	280-36-8566	424	-51.9356035	-25.331761
"Alameda de Viana, 40
Prado
86530-006 Nascimento Verde / BA"		Pereira - ME	AB-	35809247105	616	48.102107	-30.223062
"Colônia Francisco Araújo, 74
Serrano
64808-169 Lopes de Nogueira / DF"		Ramos - EI	A+	63075218480	573	73.813501	104.102524
三重県狛江市渡辺30丁目16番8号		合同会社鈴木銀行	A-	644-03-5988	124	-85.3641325	-178.742616
"Largo Macedo, 510
Pindorama
36977976 Viana das Pedras / PR"	Técnico de gesso	Correia	AB-	31540896757	432	-57.2634835	18.838944
"Rotonda Filippo, 673
31057, Sant'Elena (TV)"		Briccialdi-Valguarnera e figli	O-	CNIMCL35S62A039V	112	-23.3706325	82.682807
"09618 Benjamin Mission
Garrettside, WV 52621"		Daniels and Sons	AB+	135-42-1823	339	-74.280683	21.896675
"Distrito Enrico Sampaio
Guaratã
83782-360 Ribeiro / AM"		Mendonça Sousa - ME	A+	25683091721	750	-86.3370595	-67.000699
"Rotonda Luca, 66
17034, Castelvecchio Di Rocca Barbena (SV)"		Romiti-Garzoni e figli	O-	TRVLND02T54A205U	342	-39.5851705	-75.431887
"3452 Stephanie Throughway Apt. 261
Valenciaview, WI 41554"		Jackson, Washington and Morrison	AB+	822-89-7983	7	-45.114206	36.6816
"Jacobweg 55/70
01198 Kemnath"	Chemikant	Hein	A-	766-01-8307	309	-86.6740375	88.883328
三重県横浜市南区中鉢石町6丁目5番4号 アーバン松石824		小林建設有限会社	AB-	342-90-6206	589	48.5735715	164.760045
徳島県神津島村手岡4丁目9番14号	ゲームクリエイター	岡本鉱業有限会社	AB+	085-64-0576	701	-27.604407	1.904961
"Viaduto Vieira
Solimoes
64319-980 Pinto das Flores / CE"	Fundidor de placa de gesso	da Mata Melo Ltda.	B-	47890623178	259	-61.486548	101.269783
"Esplanada Bianca Barros
Vila São Rafael
36492-591 Pimenta do Amparo / AL"		Castro	O+	36051942815	319	-20.4831325	144.090586
"Canale Antonia, 64
87012, Vigne Di Castrovillari (CS)"		Doglioni-Broggini e figli	O+	PNTGFR23T56H498W	802	84.1342935	119.553395
"Trecho de Nogueira, 24
Planalto
61493-548 Costa / ES"	Gestor de recursos humanos	da Luz Souza - EI	AB-	01892457601	538	19.917612	157.50535
長崎県川崎市川崎区山中新田25丁目5番12号 東浅草パレス837	ウェブデザイナー	株式会社伊藤水産	O+	525-42-7493	473	72.144544	-45.240965
山形県横浜市南区渡辺37丁目15番18号		佐々木印刷合同会社	B+	518-47-2464	494	-11.3881365	96.200858
"Avenida de Cavalcante, 607
Biquinhas
19071-373 Cardoso do Oeste / AM"		Barbosa	AB-	17069245858	572	67.7620055	-126.990562
"8405 Erin Street
West Taylorberg, KS 05014"		Merritt, Allen and Thompson	O+	180-40-5338	180		
"830 Heidi Course
West Emilyborough, SD 10219"	Energy manager	Walters, Sanchez and Ramirez	O+	569-32-1100	66	14.9046825	-75.055621
"860 Karen Field Apt. 461
West Leahborough, MT 19944"		Taylor, Taylor and Smith	O-	106-13-1424	144	-51.0974625	60.228201
"2578 Williams Cove
South Sandra, NC 42316"		Murphy-Freeman	O+	170-02-3177	244	-3.062649	-111.560751
"Lagoa Borges, 92
Saudade
36759211 Barbosa / MT"		Cavalcante	O-	64035271853	691	-55.2747145	116.089622
"Stretto Orlando, 237 Piano 3
31023, San Marco (TV)"	Local government officer	Canetta, Tartaglia e Samele s.r.l.	O+	CPNTNI91D23G853G	393	31.6453935	-66.907177
"Recanto Araújo, 462
Santa Helena
03109-112 Siqueira / TO"		Pimenta e Filhos	AB-	46732150952	53	-52.1555845	131.706876
栃木県渋谷区丹勢2丁目26番19号 油井シャルム570		合同会社阿部情報	AB-	682-46-0572	418	-10.8514255	-115.790325
"Strada Miniati, 535 Appartamento 65
20137, Milano (MI)"		Pininfarina-Vianello Group	AB+	JVNPLM34E28E447M	252	33.6593645	-133.783272
		Peixoto da Cruz S.A.	B+	32798054141	714	-10.883907	9.600577
"Heinz-Hartmann-Gasse 35-29
55698 Auerbach"		Fiebig	B-	940-79-6591	389	75.8760155	127.407221
茨城県長生郡白子町戸島41丁目22番1号		林電気有限会社	O+	721-05-5047	548	27.180763	-130.098377
"Condomínio de Barros, 7
Atila De Paiva
38177232 Castro / MA"	Boxeador	Silveira Abreu Ltda.	AB-	61345089775	198	77.605469	29.801914
岩手県山武郡芝山町土呂部33丁目21番4号 蟇沼シティ346	公務員	株式会社清水建設	AB-	584-66-1797	137	-21.705432	116.066756
"Fazenda Mirella Santos, 23
Itapoa
49681-897 Duarte Verde / PE"		Machado	O+	39026154780	21	87.2653925	-113.296721
"Kaulplatz 69-42
58950 Nabburg"		Zimmer Misicher AG	AB-	582-72-8426	600	-14.6503875	16.524299
"Loteamento de Garcia, 12
Vila Maloca
25421449 Sousa Paulista / PR"		Pimenta	O-	56791403225	489	63.055042	171.211952
"27515 Johnny Prairie Suite 934
East Zacharyside, MO 53493"		Irwin, Nguyen and Velasquez	AB-	665-32-1325	651	-38.1014065	31.097047
"Hillerstraße 7-7
79278 Vilsbiburg"	Artist	Juncken	O+	499-65-8913	149	75.535955	-43.164191
静岡県世田谷区丹勢28丁目27番15号		岡田ガス合同会社	B+	265-65-6979	249		
"PSC 8056, Box 5381
APO AE 80390"		Thompson, Smith and Smith	B-	553-48-5693	295		
"Truppstraße 22
03169 Ochsenfurt"		Zahn	A+	024-23-8405	513	39.0706275	-142.878831
東京都中央区睦19丁目1番19号 クレスト蔵前689		有限会社坂本食品	AB-	288-53-4910	422	-0.5039775	145.106666
"Incrocio Petrucci, 249 Appartamento 6
59021, La Briglia (PO)"		Grisoni Group	O-	SCTLRT12B25B919X	160	-58.273097	-102.272965
"Rotonda Villadicani, 6
09092, Arborea (OR)"		Rubbia-Priuli Group	AB+	CRTLCU00T22H924D	362	11.1273585	56.44063
"Piazza Marina, 13
25054, Marone (BS)"		Ferrante-Nitto e figli	A+	MDNMNL61T41F687H	1	-12.416959	-25.301966
"104 William Ports
Port Michellemouth, AK 34218"		Blair Ltd	AB-	664-38-7087	499	38.9451605	-170.708566
福井県山武市富久町41丁目3番8号 北青山ハイツ191		石川銀行株式会社	O-	398-72-3908	174	6.7422975	-124.552293
"Viale Calarco, 58
41055, Iola Di Montese (MO)"		Pisacane e figli	A+	BRZPTZ49B62A281G	82	88.8430125	45.763007
大阪府横浜市栄区方京1丁目19番12号 パレス高輪982		岡本通信有限会社	O-	154-50-6759	717		
		Novais Ltda.	AB-	42831760950	561	-37.7409325	65.886089
"Praia Almeida, 97
Madre Gertrudes
37614094 Oliveira de Brito / MG"	Atleta de nado sincronizado	Ribeiro S/A	AB+	41285760930	693	-61.188074	32.84325
	Surveyor, mining	Mazzini Group	B+	LFRVTR24S53A825G	714	66.2771	164.629462
"Estrada Caleb Leão, 77
Dom Joaquim
32082-692 Machado / AL"		Cardoso Ltda.	AB+	70168954320	660	54.3557095	78.694706
"Quadra de Lopes, 84
Itapoa
61108158 Cavalcante / CE"		Pires	O-	83761425007	121	55.832373	-119.49116
"35147 Richardson Camp Apt. 486
New Lindsayside, NV 12119"		Collins-Cooper	AB+	119-14-8842	300	15.2578475	121.417573
"Kühnertring 8569
39211 Uelzen"		Bonbach	AB+	846-60-4129	568	70.3745085	-75.246994
"Löfflerring 5-2
49408 Säckingen"		Finke GmbH	B+	930-38-7983	415		
"Incrocio Arsenio, 411
11018, Villeneuve (AO)"		Molesini, Tagliafierro e Argenti e figli	A+	BTTTTN57T66I964W	418	61.9707955	-176.161933
"215 Bennett Greens Apt. 198
New Bradleyfurt, WY 91221"	Bookseller	Yu-Calderon	B+	702-44-4974	580	-74.9427725	118.484071
"47645 Mark Burgs Apt. 580
Frankberg, AK 43829"		Hatfield PLC	A+	890-62-7719	73	-35.395697	-52.253854
新潟県長生郡睦沢町京橋22丁目23番7号 南赤田コート111		小川農林株式会社	AB-	619-28-8687	208	-66.551515	9.032454
"Strada Maderno, 994
61034, Calmazzo (PU)"		Marrone-Mimun e figli	AB+	BRCLCU60T48C815P	667	-46.991527	-77.709859
"Borgo Chinnici, 12
08045, Lanusei (NU)"	Tax inspector	Migliaccio, Salvini e Donati s.r.l.	O-	CRBFLV84T10C050W	199	79.336449	112.052502
"76312 Ruiz Loaf
North Mikeport, MT 43299"		Stewart and Sons	A-	689-98-8606	611	83.3207395	125.01501
		加藤保険有限会社	B+	249-26-4410	123	63.9559935	87.310758
山形県品川区東浅草9丁目22番18号 コーポ三筋795		合同会社鈴木食品	A+	273-32-7993	143	37.0409615	-112.2167
群馬県三鷹市方京39丁目7番20号 パーク丸の内ＪＰタワー347	映画監督	山口情報株式会社	A-	046-68-4549	534	62.68	-126.841735
"Strada Dulbecco, 626
10062, Luserna (TO)"	Probation officer	Rusticucci SPA	A-	GTTRSO14A03B144N	1	-38.790298	146.934566
千葉県神津島村小入28丁目1番10号 九段南ハイツ908	裁判官	株式会社中島印刷	AB-	049-45-0917	468	-84.2455965	-126.834403
"Contrada Adele, 82
50065, Sieci (FI)"		Morabito, Lanfranchi e Pacelli SPA	A+	TRRRNT37B41G661K	252	-60.341898	151.78006
栃木県印旛郡印旛村吾妻橋15丁目1番11号 アーバン高輪211		伊藤電気合同会社	AB-	016-40-4715	37	-4.1980015	44.61467
		近藤食品有限会社	A-	047-07-8740	606	43.3495455	-81.678244
"Viale Paolucci, 28
22026, Maslianico (CO)"	Information systems manager	Brugnaro, Benedetti e Vidoni e figli	A+	SCRGDI47R31B709F	42	-38.727141	18.266798
"Rigo-Linke-Gasse 3157
62274 Northeim"		Dippel AG & Co. KGaA	A+	226-94-7228	131	0.809093	-107.60327
"Canale Lucarelli, 167
44019, Voghenza (FE)"		Onio, Moresi e Boezio SPA	B+	NZGRBT11E68C635I	131	30.9222065	-27.014464
山口県港区外国府間14丁目1番17号 隼町シャルム905	司法書士	合同会社清水印刷	B-	038-47-9396	596		
長野県西多摩郡日の出町松石39丁目17番11号		渡辺鉱業株式会社	B-	194-67-0960	722	39.9818275	-108.270947
"Irmengard-Rörricht-Platz 6-3
64660 Calau"		Budig	O+	137-29-5771	666	-3.356071	120.151367
北海道東大和市芝浦14丁目3番10号 アーバン津久戸町330	航海士	合同会社山崎食品	O-	127-67-6004	257	51.990564	35.683688
"Langernweg 97-77
67902 Crailsheim"		Ring	O-	591-45-5211	788	-43.4411505	-150.212488
		石川保険株式会社	B+	721-19-3337	489	0.647869	38.209552
"Preißplatz 79-28
65062 Aue"		Beckmann	O+	763-55-9229	40	5.8085115	5.997978
"Piazza Michelotto, 5
24042, Capriate San Gervasio (BG)"		Trobbiani e figli	O-	PTRGNG70P55F440P	322		
"Canale Vincenzo, 658
98068, Tesoriero (ME)"		Favata, Moneta e Antonelli Group	AB+	NGNCSR54H61F324K	102	57.524771	-26.735278
"Condomínio Catarina Almeida, 9
Vila Pinho
11412929 Moura / SE"	Apresentador	Vasconcelos Borges S.A.	B-	70952168430	115	-27.221573	47.934929
"Condomínio de da Rocha, 8
Boa Viagem
02857414 Casa Grande de da Conceição / AP"		Guerra	AB-	84976520374	453	64.5408955	121.314476
		Eimer KG	O-	021-27-0603	229	22.301302	-121.914893
"Strada Casellati, 93
12037, San Lazzaro Saluzzo (CN)"		Fiorucci-Nievo s.r.l.	O+	BLSGSP68S21H255T	706	83.4167875	-52.343256
"16186 Michael Summit
Danstad, NH 14193"	Broadcast presenter	Woodward and Sons	O+	194-48-2433	334	-56.814113	-57.426706
"Contrada Mariana, 527 Appartamento 40
00015, Monterotondo Stazione (RM)"		Cainero-Sabbatini SPA	B+	LDBGTN03E66L356I	226	39.1209575	122.424849
群馬県杉並区下宇和田38丁目23番6号 シティ今戸462		伊藤農林有限会社	AB+	337-04-3911	183	-24.745529	132.423003
広島県府中市南赤田23丁目6番1号		橋本建設株式会社	AB+	380-56-3833	241	-77.693461	-176.614983
"Incrocio Damiano, 8
95124, Catania (CT)"	Clinical psychologist	Odescalchi e figli	AB-	SRLSRN63C15H307K	726	30.983444	-39.914509
栃木県横浜市南区箪笥町19丁目17番18号 コーポ浅草985	占い師	合同会社佐藤食品	B-	895-47-5364	723	5.893734	45.891941
熊本県印旛郡酒々井町月島4丁目24番19号 コート箭坪984		株式会社小林運輸	O-	703-56-3156	431	12.7697715	-115.10414
群馬県荒川区藤金40丁目22番4号 クレスト白金148	漫画家	有限会社吉田ガス	O-	089-54-3224	437	25.2274305	-20.850386
"3835 Baker Trafficway Suite 665
North Jeffreyborough, AK 30071"		Holloway and Sons	A+	399-15-7017	102	78.070009	-137.310286
"Quadra Barbosa, 38
Horto
27043884 Garcia / RO"	Analista de sistemas	Borges Pastor Ltda.	O-	71586932446	402	-89.225603	-77.988828
"Gehringerstraße 0
12090 Demmin"	Arzt	Preiß AG & Co. KGaA	A-	907-18-7178	367	78.293522	118.661095
静岡県横浜市港南区西浅草8丁目3番8号 パレス戸塚町435	寿司職人	有限会社橋本電気	B-	475-65-1033	766	-3.540278	-161.992651
"01564 Williams Parkway
Port Victoria, NJ 64407"		Conrad-Collins	A+	241-40-6153	109	28.944033	-39.478042
		加藤農林有限会社	B-	598-92-3503	749	47.6215505	171.098355
"Gudegasse 87
95497 Steinfurt"		Margraf	A+	648-96-9831	129	16.494305	39.709652
"Canale Imelda, 61
38061, Santa Margherita (TN)"	Occupational hygienist	Pedersoli, Carullo e Zampa Group	A-	TTNRNL09E06F066G	142	-6.6485435	24.861691
"9375 Isaac Village Apt. 620
Washingtonport, RI 64933"		Reed Inc	A+	273-37-8277	199	50.8007715	56.626499
"Eimerstr. 1/6
77802 Gerolzhofen"		Salz GmbH	A+	531-09-5393	111	87.2366765	-110.810763
"38960 Stacy Village Apt. 312
Brownland, IL 01154"		Garcia, Flores and Stevenson	AB+	547-05-6721	732	43.896447	-154.066516
"Heino-Gorlitz-Weg 23/39
02973 Stade"		Klemm Röhricht KG	A+	350-74-0392	753	36.404929	151.365799
	Scientist, clinical (histocompatibility and immunogenetics)	Modiano-Tutino e figli	B-	NNCPSL62B64L551H	623	33.4228225	117.635569
岡山県北区日本堤24丁目17番7号 西浅草ハイツ984	介護ヘルパー	株式会社斎藤情報	AB-	591-26-2820	803	-0.505664	-72.383724
		中村水産株式会社	O+	243-60-3522	180	78.3243935	108.795078
"Fazenda Novais, 27
Vila Piratininga Venda Nova
51995-480 Cirino do Norte / DF"		Jesus	AB+	96420871387	683	-11.134917	-55.755268
"Residencial de da Cunha, 19
Alto Dos Pinheiros
80279-929 Novais da Praia / SE"		Costa	A-	48735091657	247	13.956846	-79.078491
"Via Nina, 10
86010, Casalciprano (CB)"	Optician, dispensing	Spadafora e figli	AB-	CNTFRC23M60L429T	700	1.9946865	-97.476254
		Lopes	A-	64103859270	233	-39.709745	-115.341745
"Recanto Rezende, 4
Conjunto Novo Dom Bosco
95762328 Rezende das Pedras / PI"		Rezende	O-	68547109285	498	72.1583235	-178.299766
"091 Villarreal Garden
New Linda, NH 08759"		Smith-Ross	A-	142-27-1823	742	66.4622685	89.352867
沖縄県西多摩郡奥多摩町長間42丁目7番7号 大京町パーク324		有限会社井上鉱業	A-	642-82-0282	285	53.897481	4.624477
"Contrada Ariosto, 5
89862, Caria (VV)"	Advertising account executive	Cabrini e figli	A+	PVRLNR98A15M353Z	497	6.568236	-163.550632
山梨県練馬区箪笥町11丁目27番9号 京橋シティ588		田中運輸有限会社	O+	154-37-5817	509	15.3416035	54.24555
	電気工事士	合同会社田中銀行	O-	026-54-5418	56	-69.2316705	54.710819
"Strada Ubaldo, 33
36070, Crespadoro (VI)"		Chindamo, Vittadello e Cappelli e figli	A+	GLDGNI31H46D523G	53	40.726331	176.89169
	Public relations account executive	Gargallo-Abba SPA	A+	DSSGRN00S11H590E	123	46.1646305	113.908912
"Contrada Ermenegildo, 6
07019, Villanova Monteleone (SS)"		Ariasso Group	B+	BNGMSM39M41C225U	178	-31.2200875	119.129733
"Alla-Lübs-Weg 96-14
65386 Wolfratshausen"	Chirurgiemechaniker	Hornich Hofmann Stiftung & Co. KGaA	O+	189-54-7598	221	-28.519793	157.530204
	General	Lima Teixeira S.A.	O+	58176029467	394	-67.385549	-178.900478
長崎県君津市九段南27丁目26番14号 シティ藤金226		株式会社小川ガス	B+	594-81-2573	704	7.7035015	60.348179
		Siering GmbH & Co. KGaA	O+	571-58-2206	528		
"Condomínio Cavalcante
Marieta 1ª Seção
20777-697 Sá / PB"		Gomes S.A.	A-	47213690507	119	-52.3186385	-94.862969
"8839 Debra Spring
Port Lindamouth, OR 89252"		Morales-Larsen	B+	523-58-6488	447	30.6021665	-124.215784
愛知県いすみ市蔵前2丁目27番6号		有限会社吉田電気	A+	636-21-3521	269	-49.613677	120.418683
"9563 Schmitt Junctions
Turnertown, NC 15221"		Scott-Jones	B-	564-49-4619	803	13.3636835	-119.300144
		有限会社清水運輸	A+	038-14-3937	731		
"Hermannstraße 6-6
58109 Bad Freienwalde"		Bonbach	B-	342-02-2509	163	-63.364143	-137.55786
"Incrocio Matteotti, 2
40127, Bologna (BO)"	Office manager	Filogamo Group	A-	MZZDNI01S65F416E	267	83.140159	-90.747236
		伊藤ガス合同会社	AB+	826-73-9441	254	-9.648098	19.714081
"Favela Pacheco, 3
Boa Viagem
89746231 Albuquerque / PR"	Chaveiro	Vasconcelos	A-	10438572653	255	63.2926955	-136.008298
		吉田建設合同会社	O+	441-96-5304	455	72.07417	48.825072
"Borgo Girolamo, 81
12063, Dogliani (CN)"		Gasperi, Palombi e Cuomo s.r.l.	O+	MRTRMN28H19B726C	754	-49.4508205	-66.957969
長崎県武蔵野市蟇沼5丁目23番10号 パーク北青山792		斎藤銀行株式会社	A+	475-38-9753	335	-9.136587	95.741616
		Vivaldi, Sibilia e Giolitti s.r.l.	B-	PRDSRN69A08G049M	373	-15.6486385	-122.447575
"Viale Vincenza, 9 Appartamento 1
10087, Valperga (TO)"		Casale s.r.l.	A+	SMRBRR71C26A757H	337	61.140144	19.062562
"Häringplatz 61/68
59968 Kehl"		Klemm Kuhl GbR	AB+	378-95-5387	528	44.21199	145.996844
福岡県西多摩郡檜原村虎ノ門32丁目23番20号		合同会社山崎水産	AB-	142-18-0067	62	-77.4346655	167.671484
"USCGC Young
FPO AE 06259"		Smith, Huang and Adams	B+	282-82-8365	559	-77.5093975	-46.265663
"Feira Oliveira, 62
Tupi B
27628-351 Moura da Mata / RO"		Lima e Filhos	AB-	84156790339	579	-44.0270675	3.101784
"Rotonda Calgari, 640 Piano 0
20148, Milano (MI)"	Warden/ranger	Bartoli-Veltroni Group	AB+	BRGCTN52P13A460Z	0	34.758995	167.30719
		合同会社山崎電気	B-	469-85-7081	216	-23.765629	-39.128641
"Piazza Piccio, 50 Appartamento 82
10089, Vico Canavese (TO)"		Marenzio Group	B+	MGNSVD47B66D045D	32	31.606647	12.296306
		Carvalho	A-	49862703547	620	47.211259	-110.04569
"138 Edwards Greens Apt. 928
Williamfurt, FM 64982"		Zuniga PLC	A-	754-87-5217	155	-54.810379	102.057353
"Stretto Mirco, 22 Piano 5
82029, San Marco Dei Cavoti (BN)"		Gullotta-Valmarana SPA	B+	VRDZGL27A66E412I	157	35.050685	115.800849
"Vicolo Cristina, 19
04029, Sperlonga (LT)"	Geneticist, molecular	Piazzi, Olivetti e Verri Group	B-	MRSNGN62E19L929J	559	15.1709555	-112.049577
"Morro Mendonça, 249
Guarani
33035090 Ramos / PE"		Aparecida	O+	27410586362	198	-1.782138	-97.269351
"Borgo Lorenzo, 77
13887, Magnano (BI)"		Mascagni Group	AB-	FRNLSU83C30I225W	25	-52.3249245	71.557486
"661 Pena Mission Suite 686
West Dustinburgh, PW 73283"	Horticultural consultant	Brown-Castillo	O-	601-76-6901	142	7.3375125	-153.81351
"211 Carter Plains
Jameschester, MT 53608"	Equality and diversity officer	Gray Inc	AB+	207-06-8974	697	49.6814415	-175.389814
広島県御蔵島村雷門29丁目10番5号		前田印刷合同会社	O-	704-97-8726	400	19.745144	-6.621342
"Peukertplatz 66
94997 Mellrichstadt"	Beamter	Hoffmann	A-	797-50-4566	47	49.8315325	59.957199
	Licensed conveyancer	Bragaglia, Cesarotti e Canil e figli	A-	GLRMTD48S12B114F	211	-1.422318	-53.633002
		Cunha	A+	40728169304	645	-40.060837	-95.210899
"829 Hunt Trail
Welchborough, NM 50328"		Ware Inc	B-	233-32-5205	647		
沖縄県立川市西小来川36丁目23番10号	アーティスト	吉田建設株式会社	A-	620-60-0416	524	81.427202	-86.354466
"Heinrichstr. 1-8
51461 Gifhorn"		Austermühle Lübs OHG mbH	AB-	607-79-7425	802	-26.7187715	-99.324914
"Contrada Borrani, 8 Piano 0
18010, Santo Stefano Al Mare (IM)"		Trombetta, Argan e Badoglio e figli	O+	BGOTZN17D19L140U	339	67.931713	-87.629972
	Technical author	Gargallo-Ammaniti SPA	O+	NSCLTZ47L22C165L	643	72.3714065	164.02849
"Marga-Ernst-Allee 84
07612 Gütersloh"		Hertrampf	O+	135-50-4371	161	46.1506985	115.084756
"Canale Gibilisco, 5 Piano 5
16012, Camarza (GE)"		Conti e figli	A+	TLDBRR80M05H406J	231	-25.3541	83.061731
"6742 Maurice Court
South Tracy, WA 30593"		Rodriguez-Kelly	AB-	634-24-0492	383	-40.8319565	73.733924
		Bähr AG & Co. OHG	O+	477-67-5867	597		
"Alameda Liz Peixoto, 2
Taquaril
76824709 Cassiano / RJ"	Cameraman	Mendonça	A-	96243150780	241	-30.8705625	102.97314
		青木通信株式会社	A+	285-48-2633	397		
"76009 Carter Isle
New John, DE 36252"		Bishop, Davis and Stokes	B-	191-14-2699	341	83.192753	-166.89514
"Egon-Käster-Gasse 2
62095 Luckenwalde"	Krankenschwester	Holsten	A-	112-47-0780	373	23.102087	-106.727215
"Incrocio Rosario, 9 Piano 3
87044, Cerisano (CS)"		Murri e figli	B-	FRRLCZ06S30F063R	409	83.560705	90.712441
"Via Gianmarco, 9
00145, Roma (RM)"		Federici-Babato Group	A-	LTTDIA51E22B145D	413	70.111656	-144.367303
"Borgo Agnolo, 7 Appartamento 32
00013, Santa Lucia (RM)"		Draghi-Bongiorno e figli	B+	PLNNZE71L51F213P	697	8.579832	-140.681864
"Hartmanngasse 243
85361 Monschau"		Schäfer Biggen GmbH & Co. OHG	AB+	563-87-5553	620		
		Sgarbi SPA	O+	GLLFLR60C18C030Z	786	39.2178525	51.279479
"08136 Tabitha Street
Jessicamouth, AS 29557"		Carter LLC	B-	026-16-2780	556	-56.634132	100.257116
		田中ガス有限会社	A-	679-17-4923	209	22.074319	19.868238
"Hessegasse 11
58888 Gunzenhausen"		Meister	A+	737-53-3540	644	11.437905	96.556871
"44810 Michael Gateway
Cherylmouth, WY 82479"		Wong-Johnson	AB+	415-13-7206	173	-52.9103505	128.776568
"391 Tom Plaza Suite 141
West Mirandafurt, TX 50865"		Marshall, Clayton and Hill	A+	456-78-4186	676	-65.813502	96.058313
"363 Carl Pines
Irwinberg, ME 06462"	Exercise physiologist	Ellis-Jimenez	O-	811-64-0552	543	-34.616772	-172.46027
"497 Alvarez Hill Suite 408
Lake Claireton, MS 25464"		Oliver-Sanchez	O-	783-26-4415	524		
"Hilmar-Jäntsch-Platz 128
52332 Darmstadt"		Wulf Klemm e.V.	A+	707-57-0168	486	24.475108	130.457493
群馬県横浜市南区湯本塩原31丁目24番10号	建築家	合同会社吉田運輸	AB+	687-26-3146	14	-51.7673655	-44.852763
"Jerzy-Dussen van-Straße 7-6
30641 Gifhorn"	Chemikant	Hande Noack AG & Co. KGaA	A-	186-17-7150	700	-84.1340185	-109.076198
長崎県山武郡横芝光町脚折町3丁目12番17号		森通信株式会社	A-	485-26-6075	729	11.0760965	64.73059
"Mangoldplatz 2-2
22648 Wismar"	Mathematiker	Neureuther Henck GmbH	AB+	562-70-6689	685	45.833685	153.362188
"Setor João Felipe Carvalho, 23
Nazare
60094-206 Campos Alegre / PI"		Cavalcanti Farias e Filhos	B+	50346291860	247		
"Noackweg 9-3
83797 Wiedenbrück"		Caspar GmbH	AB+	233-02-4147	673	78.8189455	14.42682
"354 Martin Rapid
West Jacobville, MP 16404"	Advice worker	Mata, Bowman and Flores	A+	494-64-1449	497	5.97037	-134.577621
"Vicolo Calogero, 49
66018, Taranta Peligna (CH)"	Environmental health practitioner	Venditti-Staglieno Group	AB+	BRGFLP71H10L847O	515	84.577866	-98.016991
		Abreu Mendonça S/A	A+	96520438189	381	47.9937875	146.321303
"Trecho Fogaça, 317
Esperança
16304053 Mendes / MG"		Cunha S/A	AB-	29086543774	598	65.298905	148.637508
"Magret-Jopich-Ring 9-7
21721 Senftenberg"	Mechaniker	Jopich Nerger GbR	AB-	753-15-9311	3	-38.43405	-9.385564
"Bährstr. 54-82
52212 Meißen"		Gumprich Fechner GmbH & Co. KG	AB+	038-19-9410	756		
"Incrocio Gianpaolo, 893 Piano 9
44030, Guarda Ferrarese (FE)"	Engineer, electrical	Travaglio-Bettin SPA	AB+	JLLLCU38C44E071N	217	79.8934025	-80.453621
"Viaduto de da Rosa, 37
Vila Santa Monica 1ª Seção
90500-052 da Rosa / PA"		da Paz Leão Ltda.	B+	91734506857	124	-13.9330915	-25.959562
		Macedo Monteiro S/A	O-	76098435120	620	50.5208945	173.212286
		Nunes	A+	63420185707	566	13.7916045	-0.719056
岩手県横浜市鶴見区下吉羽6丁目27番2号 氏家新田クレスト528		合同会社松田情報	O-	021-39-0183	62	6.948672	-166.8504
"Elvira-Plath-Weg 886
16041 Roth"	Designer	Reising AG & Co. KGaA	A-	273-27-0085	457	50.66882	-42.163114
香川県多摩市藤金16丁目4番10号		株式会社佐藤鉱業	A+	675-79-0316	302	-60.101733	132.469487
"Heinz-Joachim-Stoll-Straße 3-8
09003 Hannoversch Münden"		Börner	B+	150-15-5717	587	-75.3593795	-2.232276
"Scheibeweg 6401
15812 Norden"	Fleischer	Drewes	AB+	377-63-5667	444	-49.3822315	-85.147954
"Hillerweg 2121
55944 Freital"	Florist	Barth Stiftung & Co. KGaA	AB+	462-89-9118	485	-72.5114335	-90.71495
宮城県品川区渡辺42丁目25番20号 丹勢アーバン176		有限会社長谷川鉱業	B-	308-74-1625	399	-42.890248	90.121234
沖縄県八丈島八丈町虎ノ門41丁目21番11号 シティ小入673		山下食品合同会社	O-	349-18-5210	715	65.9293505	-52.608863
大分県夷隅郡大多喜町脚折7丁目10番1号 北青山パレス195		山田銀行有限会社	B+	145-44-5082	607	-41.7278875	90.698262
"Jardim Sampaio, 7
São Salvador
41337623 Teixeira Paulista / RN"		Pires Ltda.	AB+	06928451785	749	-89.122671	89.920959
"Vicolo Boccioni, 6
84060, Mercato Cilento (SA)"		Vattimo SPA	AB-	DNNNDA12P09B528R	708	-49.2753325	-50.8824
"24973 Lester Fall
South Sandyburgh, MO 19801"		Patterson-Walker	AB+	529-56-1401	628	78.802255	-44.349825
"32099 Sandra Vista Apt. 299
North Josestad, NH 12455"	Plant breeder/geneticist	Knight-Walker	O-	127-91-9383	668	25.9591545	128.734156
		阿部食品株式会社	B+	206-89-9978	757	-51.1474585	117.001647
		Förster OHG mbH	O+	932-59-7837	572	27.4212515	-69.658831
"Trevo de Teixeira, 2
Conjunto São Francisco De Assis
17939114 Mendes / AL"		Azevedo e Filhos	AB-	15067429801	430	79.186096	150.454601
沖縄県横浜市神奈川区北上野41丁目12番12号 クレスト台場924	航海士	合同会社太田水産	B-	588-66-3991	207	-6.012675	89.08846
"Borgo Marco, 66 Appartamento 80
01025, Grotte Di Castro (VT)"		Gaito-Brenna s.r.l.	B-	MNTVCR88A04E407Z	480	-74.5672985	25.815367
"Contrada Piergiorgio, 5 Piano 7
47814, Bellaria (RN)"	Manufacturing systems engineer	Travaglio SPA	O-	CBTMRA33B50E041N	475	-17.4241305	5.31919
富山県三鷹市千塚14丁目3番7号		鈴木情報合同会社	A-	286-91-7213	421	60.425139	-152.793785
"Quadra Vasconcelos, 8
Santo Agostinho
67333-848 Aparecida / MG"	Cancerologista ou Oncologista	Andrade Nunes e Filhos	A+	24716853071	430	86.5864585	172.288213
"Robin-Röhricht-Gasse 6-8
90339 Freital"	Artist	Beier Weimer OHG mbH	O-	713-66-1387	429	-2.4001945	-83.18492
"H.-Dieter-Lange-Weg 0
65660 Lichtenfels"		Kroker Pärtzelt GbR	O-	720-77-0342	321	57.298434	-163.16927
宮崎県川崎市宮前区大京町20丁目23番3号 松浦町コーポ443	エステティシャン	吉田食品有限会社	A-	658-65-8795	115	39.3056925	-178.914847
"Vila Pinto, 525
Vila Piratininga Venda Nova
55938-817 Sousa da Prata / DF"	Contatólogo	Câmara	A+	43871506290	722	-86.87534	-5.735158
"Bela-Gude-Allee 520
57568 Worbis"		Mude Matthäi GmbH	A-	865-88-8269	167	-73.8033385	-141.279678
"Esplanada de Pacheco, 8
Vila Nova Cachoeirinha 3ª Seção
88473193 Borges da Serra / PA"		Cavalcante	O+	24596817391	274	-35.4521795	-95.284876
石川県川崎市幸区氏家9丁目11番1号	演歌歌手	株式会社佐藤情報	O-	251-15-7532	257	-76.3121295	88.003283
"2972 Anne Cove
South Johnberg, CA 34775"	Office manager	Adams-Williams	AB+	421-11-4532	327	-44.316094	-8.95672
"Rosalinde-Hornich-Ring 27
69954 Ludwigslust"		Trubin Benthin GbR	A+	923-81-3856	680	-0.2703125	32.38093
"81047 Rachel Street Suite 869
Brittanybury, WI 04567"		Ruiz-Burke	B-	285-49-1503	23	82.905679	19.460248
"Jesselstraße 45/36
92703 Viechtach"		Kensy Misicher AG	O-	280-01-5429	726	14.218113	-83.47207
熊本県川崎市多摩区芝大門25丁目14番9号 東浅草アーバン457		株式会社斎藤建設	AB-	764-04-9322	671	-64.7880205	81.790788
神奈川県我孫子市千塚5丁目27番14号	気象予報士	中村電気有限会社	A+	402-63-8546	229	-4.8914415	-120.822874
"869 Gomez Shore
New Kimberly, TN 16701"		Ramirez, Singleton and Park	B+	857-86-2562	793	61.663208	28.970724
"80210 Jacob Court
Lake Jamesshire, NM 39548"	Secondary school teacher	Blake-Perez	A+	457-40-4821	360	21.858083	40.468829
"Trübgasse 10
43927 Säckingen"	Arzt	Otto	A+	112-48-0113	562	54.440643	-154.02697
"Strada Gualtieri, 16 Piano 0
13041, Bianze' (VC)"		Sordi-Sobrero Group	A-	FRCPRI50A55C629I	791	-85.381613	-12.590356
"Sagerallee 12
76168 Wernigerode"		Fechner Hoffmann GmbH & Co. KG	B-	306-54-4255	690	-35.832292	-131.83369
北海道川崎市中原区大京町31丁目3番3号 平須賀クレスト366		田中通信株式会社	O-	657-44-0587	522	84.592697	127.692327
"7972 Thomas Landing
Emilyfurt, HI 26391"		Cross-Barnes	O-	633-53-9496	47	78.4623085	43.998607
"9172 Linda Spring
New Louisfort, UT 29019"		Booth-Moore	B-	013-92-3521	379	-15.839401	78.206026
熊本県国立市太田ヶ谷24丁目21番9号 パーク台場485		合同会社吉田運輸	B+	703-33-6438	485	-55.502915	111.412065
"Anny-Huhn-Gasse 92-86
75984 Delitzsch"		Weitzel GmbH & Co. KG	A-	316-19-7900	168		
岐阜県長生郡睦沢町西浅草15丁目2番4号		有限会社田中建設	A-	397-49-5702	242	48.469092	177.109369
"Stretto Elladio, 9 Appartamento 8
16041, Bertigaro (GE)"		Cadorna, Guinizzelli e Nicoletti Group	B-	TMBSNT18S66D856K	220	-78.6173665	75.754961
"Canale Sforza, 94
70121, Bari (BA)"		Bembo, Scialpi e Mancini s.r.l.	B-	CLRGLI00R56A181B	116	53.476303	158.36427
"549 Rachel Cape Apt. 888
West Jim, MH 03578"		Figueroa-Williams	AB-	365-30-0822	397	86.976686	-126.035374
島根県横浜市瀬谷区九段南3丁目13番6号 箪笥町アーバン722		合同会社田中印刷	A+	706-31-5536	708	-11.3140805	-14.477318
愛媛県匝瑳市白金台24丁目8番15号		有限会社高橋食品	O+	713-66-7456	688	-46.539577	152.05447
"47557 Lowery Manors
Juanland, NE 60058"		Rodriguez-Walker	B+	850-24-8021	476	2.566811	47.603256
"Favela Vitória Cavalcante, 60
Providencia
11768704 Moraes / SC"	Filósofo	Carvalho	B-	62415083771	276	58.376457	-74.401744
		Cooley-Jimenez	O-	138-61-7412	69	77.6421545	-60.00242
"Gordon-Stoll-Ring 8-9
99063 Staffelstein"	Mechaniker	Ebert	O+	240-64-7733	3	-61.2482965	-54.32817
鳥取県狛江市中小来川20丁目7番10号 パレス外神田359	高等学校教員	阿部印刷合同会社	B+	359-38-3358	782	-64.119484	62.967217
"Vale Dante da Paz
Novo São Lucas
52303-905 Nogueira / AL"		Fogaça S.A.	B+	85170496320	632	58.092557	72.928943
三重県福生市藤金14丁目5番6号		株式会社田中建設	AB+	384-02-8365	93	72.8949535	115.430373
"Alameda de da Luz, 336
Comiteco
67130776 Porto do Campo / RO"		Pereira	AB+	64879032131	799	-72.170306	-70.025228
"Esplanada Lorena Silva, 47
Minas Brasil
98908068 Carvalho de Guerra / RN"		Cardoso e Filhos	A+	57196042867	570	-2.6299215	169.744235
"Canale Tomaselli, 7 Appartamento 65
16038, San Lorenzo Della Costa (GE)"	Publishing rights manager	Parini-Marazzi SPA	A-	BXIRNZ82L60A706M	280		
"11220 Paul Ways Apt. 019
Port Jessicamouth, WY 63095"	Chartered accountant	Krueger PLC	A+	713-40-7427	669	18.9995505	149.511267
群馬県足立区上広谷17丁目1番2号		木村農林有限会社	O-	525-48-4224	459	-8.080326	83.138835
	Special educational needs teacher	Corradi, Giannone e Roero SPA	O-	SRCNDA23A26B395G	781	-9.9275405	88.394924
"Incrocio Battelli, 53 Appartamento 45
20122, Milano (MI)"		Bruno Group	O+	BRNGRG54E68E531Y	226	63.07814	128.59462
"Canale Germana, 7
46035, Ostiglia (MN)"		Cainero-Nitti s.r.l.	O-	RRCRSN61C09H264L	376	-53.772208	102.302107
"Via Turci, 76
88842, San Leonardo Di Cutro (KR)"		Cesaroni-Trupiano SPA	O-	TRNMRC70E54I026J	779	-55.863742	-69.482103
"Lago Aurora Cunha, 2
Apolonia
28516-894 Pinto dos Dourados / GO"		Martins	B-	70943165261	14	10.948726	-66.938619
"2748 Robert Villages Apt. 466
South Trevorfort, AZ 79192"		Dyer, Steele and Price	AB+	667-25-5882	232	70.256224	34.605215
"Vicolo Dina, 75 Piano 8
13877, Villanova Biellese (BI)"		Antonelli-Faranda e figli	O-	MRSMRA53S04I253Z	532	86.1477355	83.724954
		Micca-Giannotti Group	O+	VNTPRD39S48G515R	383	-29.8405425	158.852686
		Simmons Ltd	A-	862-68-9647	697	36.007394	92.483453
愛知県夷隅郡御宿町台場36丁目15番13号		株式会社後藤通信	B-	876-20-8085	172	30.6590415	-72.900326
	Barista	Silva LLC	A-	376-85-8342	138		
"Esplanada Sampaio, 64
Vila São Francisco
87801-292 Cassiano / PR"		Fonseca	AB-	15384709693	61	-74.020898	-40.379273
"5004 Ashley Springs Suite 602
Robertville, MI 44976"	Medical sales representative	Smith, Thomas and Erickson	O-	143-73-6337	248	40.8830495	22.75934
"74832 Rebecca Fort
East Dawnville, KS 74183"		Clark, Burke and Reyes	A-	152-83-2563	103	-76.3060815	-24.438127
"99935 Morris Grove
South Michael, MA 74443"		Tyler, Meyer and Murphy	O+	613-83-9721	426	-83.2674925	90.934496
"69345 Lewis Squares
East Brandon, PA 72075"		Johnson and Sons	O+	450-69-0157	781	-2.8326185	155.655455
"Quadra Gael Andrade, 47
Marilandia
14563957 Vasconcelos / PE"		Campos Duarte Ltda.	O+	74253918646	326		
"3205 Drake Well Suite 925
Jenniferchester, SC 54490"		Munoz Inc	AB-	851-57-5712	432	-82.71374	20.25271
千葉県横浜市西区方京38丁目14番16号 四区町シティ689	行政書士	有限会社鈴木運輸	A-	106-84-1894	92	41.1701875	91.954326
埼玉県鴨川市三筋38丁目5番18号 パーク西小来川176		中川農林合同会社	O+	188-36-8216	433	25.401294	-20.56632
"Rua de Ramos
Tirol
14342364 Pimenta de da Rosa / AM"	Arquivista	da Mota	A-	69342517846	217	-20.6951005	-37.825663
	Materials engineer	Scarponi, Ravaglioli e Badoglio s.r.l.	AB-	TRVMDA39P45L061K	50	12.569697	175.143291
"1353 Thomas Keys Suite 092
North Manuel, SC 32340"	Ceramics designer	Whitehead, Reed and Gonzales	O+	300-09-7149	685	50.8886855	-85.561057
		Goldoni Group	B-	STNLME98D42B939T	485	-44.790502	-107.960584
"Aeroporto de Cardoso, 8
Campo Alegre
08788-932 Gonçalves de Nogueira / PA"		Rezende Teixeira S/A	A-	73260598456	150	-56.8747245	-74.731647
"Bertram-Matthäi-Straße 7-3
42419 Fürstenwalde"	Asphaltbauer	Köhler e.G.	A+	964-54-9695	641	-69.7067325	-54.752123
		Anderson LLC	A-	012-72-4415	704	-15.1252525	19.543155
"9316 Allison Skyway Suite 898
Georgestad, KY 85832"		Savage, Norman and Carroll	B+	575-70-7309	417	24.2609675	140.757784
"Vicolo Ottino, 3 Piano 5
90042, Borgetto (PA)"		Venturi-Trussardi s.r.l.	O-	BBBGRG27M57G320L	311	-68.931917	-60.401753
		Camiscione-Mastroianni s.r.l.	A-	FRCLNE26R06D786R	384	67.2252665	97.317119
"Unit 8615 Box 4396
DPO AA 68633"		Maxwell, Mendez and Smith	O-	877-08-2473	336	68.0794655	2.603187
"Jennifer-Förster-Platz 3
87397 Melsungen"		Stroh	O-	260-20-4003	409	85.0929625	4.356231
"Borgo Sagnelli, 38 Appartamento 4
45010, Gavello (RO)"	Musician	Florio s.r.l.	A-	RGHBPP01S70B634W	667	56.3161505	7.438094
沖縄県長生郡長南町箭坪20丁目24番2号 下吉羽アーバン193		加藤農林合同会社	AB-	142-54-4326	49	45.3957305	-61.293278
"Rotonda Giannini, 42 Piano 0
71013, Matine (FG)"		Vergassola SPA	A-	DSUGNG89C63F372N	402		
"Schulzgasse 10
43116 Bad Kissingen"		Schönland AG	B-	355-51-0895	308	-5.6091755	-0.768774
"Via Bianca Sampaio, 83
Vila Tirol
28154-345 Fonseca de Cassiano / RJ"		Macedo	B-	81439267022	772	1.749066	175.798502
"Belinda-Scheibe-Straße 6/9
17891 Bautzen"	Mechaniker	Etzold	AB+	338-76-5271	660	11.1018305	13.715084
"Via Luciana, 0
64047, Pietracamela (TE)"		Brunello, Baroffio e Durante e figli	AB+	RSPGTN73P62D202F	518	-51.2682185	156.512771
"55983 Zachary Mountain Apt. 638
Thomasview, NC 32749"		Sanders-Hale	A+	571-33-1944	241		
"723 Villanueva Shore Suite 359
South Sabrina, TN 33370"		Martinez-Murray	B-	158-76-2416	73	64.0651575	-142.988265
"Magarete-Mangold-Platz 1/8
83103 Wanzleben"	Informatiker	Rosenow	AB-	295-92-3364	798	67.590304	42.797496
"Conradiweg 41/74
31522 Paderborn"		Knappe	B-	901-55-9479	665	-0.100618	-85.515163
香川県浦安市鍛冶ケ沢4丁目27番6号 コーポ松が谷828		西村ガス有限会社	A+	866-32-0483	196	89.0979675	-160.853277
"Recanto Ana Beatriz Novais, 852
Vila Antena Montanhês
37760731 Caldeira / SE"		Lopes - EI	O-	39018625442	163	-5.5952605	38.352143
"Passarela Isabelly Campos, 8
Vila Paris
47630800 Monteiro do Galho / RR"	Assistente de câmera	Azevedo	B+	45670928300	220	-47.5882685	-88.062849
"Vila Viana, 1
Ouro Preto
37332-667 da Rocha da Praia / AC"		Lima	O-	87541923079	531	-30.465795	-172.369132
石川県国立市虎ノ門10丁目9番11号 コート北青山855	アイドル	小林通信有限会社	B-	590-61-0005	639	-71.563487	-7.890391
"Travessa Matteo Alves, 5
Marieta 2ª Seção
62299559 Melo / SP"		Azevedo	O+	32671084978	694	-12.736001	33.434866
滋賀県目黒区平須賀5丁目21番6号 外国府間パレス969		山本食品株式会社	B+	432-80-8619	743	-83.236774	110.60155
"Vila Jade Pires, 86
Engenho Nogueira
10178651 Macedo / DF"		Duarte Rodrigues Ltda.	AB-	08473165217	183	45.2336525	110.943316
"Alameda Otávio Monteiro, 42
Jardim Alvorada
57640-340 Vieira da Serra / SE"	Astronauta	Lima Alves - EI	B+	13827054923	276	21.14172	38.793574
		Beckmann	A+	437-84-3963	383	37.9022565	-76.173652
"USNS Rodriguez
FPO AP 78909"	Careers information officer	Turner, Moore and Phillips	B+	883-31-3338	252	-27.203032	-98.477923
北海道長生郡長生村千塚9丁目1番7号	漫画家	鈴木情報有限会社	O-	879-63-5490	210	84.793919	134.942684
"Reichmannstraße 4
75517 Herford"	Chirurgiemechaniker	Dobes	O+	937-31-5578	585	53.2657675	28.685128
"Praia de da Cunha, 7
Santa Maria
84893-404 da Conceição / RJ"		Cardoso	B-	35026481744	93	88.014366	108.224693
"Müllerstr. 53/86
70561 Heinsberg"		Dowerg Wesack AG	O-	650-88-9521	749	67.879475	-160.83702
"Pátio Kaique Rezende, 95
Xodo-Marize
95247-107 Lima / AP"	Chaveiro	da Cunha	AB-	54061327844	246	-6.5072725	75.908449
"Borgo Rismondo, 0
25041, Boario Terme (BS)"	Seismic interpreter	Vianello-Filogamo Group	A-	CNVNNE38A70L432N	605	-58.302824	-145.505527
三重県多摩市日比谷公園33丁目6番17号		株式会社渡辺建設	AB+	399-56-9380	581	44.1568075	-40.510029
"Alma-Gnatz-Allee 31/51
13474 Greiz"		Mälzer Schönland GmbH & Co. KGaA	AB+	583-19-5304	71	75.7681245	-179.765776
"Kruschwitzplatz 12
12241 Gera"	Chirurgiemechaniker	Adler	A+	222-34-9555	232	78.9298085	-43.779155
"551 Stacey Hills Suite 118
Briannaton, MT 22844"	Ophthalmologist	Aguilar Ltd	A+	034-98-5741	553	-59.9552645	154.489363
奈良県印旛郡印旛村百村37丁目25番13号		株式会社高橋鉱業	B-	787-14-6518	616	41.3476815	-117.790237
香川県山武郡芝山町港南19丁目12番20号 戸島クレスト220		有限会社鈴木食品	AB+	385-44-9801	276	-86.6736705	-152.857717
"Canale Ninetta, 53
57122, Livorno (LI)"		Giulietti, Bonanno e Ruggieri e figli	O-	BRTCRN55H08A375F	736	-85.0014985	158.447171
宮崎県山武郡横芝光町天神島1丁目10番11号 アーバン上高野438		吉田電気株式会社	A-	215-70-0804	264		
"Stretto Sebastiano, 6
81054, San Prisco (CE)"		Grifeo-Zarlino s.r.l.	A-	SSNTNF76D41E106R	680	-22.766577	-19.404091
"2685 Jeffrey Greens Apt. 955
Hammondtown, OH 08069"		Collins-Dunn	B+	870-32-2850	174	-88.6704985	163.296052
"Jardim Pinto, 321
Estrela Do Oriente
92206-574 Oliveira / CE"		Rodrigues Santos Ltda.	B+	36217054906	674	-51.642958	147.638198
"Via Pierangelo, 80
25034, Orzinuovi (BS)"		Virgilio, Badoer e Gozzano e figli	B+	TZZPRD36C51I906Z	734		
		Edwards, Daniels and Cabrera	B-	487-27-7619	688	20.3728135	-170.153685
"Incrocio Romina, 437
23874, Montevecchia (LC)"		Biagi e figli	AB+	GRNGRM13P48M070Y	325	-76.7569635	-61.701713
		Finzi SPA	B-	RNLRTR67A54D401S	255	-9.062806	26.777836
茨城県浦安市白金台12丁目22番7号	歯科医師	山田電気有限会社	A-	509-43-2167	493	77.1904265	122.976436
秋田県御蔵島村前弥六南町24丁目4番14号 平河町パーク729		株式会社吉田銀行	O+	171-17-8862	538	19.6967725	156.001757
"Piazza Altera, 75 Piano 6
81049, San Pietro Infine (CE)"		Trupiano-Zaccardo Group	O-	SCRLRT45M17G669C	301	23.587781	146.129578
茨城県横浜市都筑区山中新田21丁目24番20号 千塚パレス804		西村情報合同会社	AB-	205-20-7157	410		
"5091 Jeffrey Points
Port Trevor, MS 54118"		Boyle-Turner	O+	852-39-8301	300	-71.3216325	36.763388
"Rotonda Donatello, 368
00075, Lanuvio (RM)"	Veterinary surgeon	Monaco-Munari s.r.l.	O-	CSLPLM81H05F404B	70	-41.3872795	-28.327561
青森県府中市前弥六南町34丁目21番10号		有限会社西村ガス	A+	690-35-8029	534	77.467574	12.158316
山口県小平市百村18丁目1番12号 箭坪パレス864		有限会社岡田ガス	B-	499-88-8192	127	-37.7172535	73.741714
		Singh-Bryant	A-	725-40-4528	263	-42.2262505	122.9073
		Canevascini-Gianvecchio SPA	A-	VLTNGN60P09G673U	503	38.525402	170.182897
"900 Chavez Turnpike
Lake Tracymouth, MD 13062"		Harris-Evans	AB+	377-25-2265	739	-8.7450115	-101.175592
"Viaduto Cunha, 28
Vila Suzana Segunda Seção
95956-329 Macedo do Norte / RS"		da Rosa - ME	AB+	02915738432	113	74.7554455	-122.193743
		Lopez and Sons	AB-	119-73-7387	229	89.084424	51.371065
"Schäferplatz 746
46427 Heiligenstadt"	Chemikant	Thies Stiftung & Co. KGaA	B-	765-27-4196	525	-51.318529	-178.239226
"55892 Hansen Track Suite 046
Jasminefort, OK 41841"		Romero Ltd	O-	548-97-9581	672	-81.357075	-10.211117
"0912 Mejia Track
Heidistad, OH 03522"		Mitchell LLC	AB-	019-77-4797	339	-61.9434955	-18.954798
"Birnbaumplatz 244
05290 Konstanz"		Krebs GmbH	AB+	946-24-2060	468	-77.410197	177.889368
"Unit 4477 Box 8420
DPO AA 33594"		Jackson PLC	B+	234-40-7582	663	-76.016414	-20.326405
"Incrocio Romeo, 3 Appartamento 5
10077, San Maurizio Canavese (TO)"		Venturi s.r.l.	A+	CRTNCT21A16E118Q	201	79.8157605	21.084051
福岡県四街道市芝公園29丁目1番14号	歯科医師	伊藤運輸株式会社	AB-	323-35-2706	437	70.3200715	149.67024
	Schornsteinfeger	Kostolzin GmbH & Co. KGaA	AB+	907-18-9453	322	56.6439305	76.641396
"Viale Mariano, 37 Piano 5
32013, Longarone (BL)"		Rocca s.r.l.	AB-	VSMMCL91C31G557P	516	40.8154305	94.103154
"Distrito Zoe da Costa, 3
Custodinha
60297018 Abreu / TO"		Aragão	AB-	39140267822	800	-74.455432	-59.583156
"874 Kevin Terrace Suite 069
Hoganhaven, IN 22878"		Powers, Gates and Kaufman	A+	031-25-7438	4	10.353202	93.676538
"Etzoldring 68/98
68698 Kyritz"		Holsten KG	B+	231-56-1738	655	12.8014595	142.589169
"Chácara Lopes, 173
Serra Verde
70002-905 Pimenta / PE"		Viana	B+	16749802303	592	-26.399161	-51.662317
"Trecho de Ramos, 69
Santana Do Cafezal
51516689 Aragão da Mata / CE"	Instrumentador cirúrgico	Lopes - ME	B-	73865902456	591	-50.4183555	-129.409598
		Patterson and Sons	A+	126-91-9106	399	58.253225	-154.090237
鹿児島県横浜市中区前弥六南町9丁目15番19号 コーポ高輪513		林農林株式会社	AB-	368-82-5050	315	13.506116	145.209827
山形県西多摩郡奥多摩町方京1丁目2番18号 雷門シャルム401	薬剤師	鈴木食品有限会社	O+	020-21-4196	451	-47.5969605	1.017892
"Viale Niccolò, 68 Piano 9
87070, Borgata Marina (CS)"		Filzi, Malipiero e Dallapé SPA	B+	PNTBNN69R41H581Y	621	84.199163	-105.982803
"653 Ashley Parkways
East David, IL 00628"		Bowman-Perry	AB-	194-94-8479	67	-22.750047	-50.083228
富山県国立市浅草橋37丁目22番3号	調理師	株式会社中村運輸	B-	317-44-5924	325	69.7811325	74.321471
"Distrito de Ramos, 57
Araguaia
52675-631 Fernandes / SE"		Cardoso Sousa S/A	B-	98102356740	154	-15.907168	7.341488
		Toselli, Tognazzi e Savorgnan Group	B+	GGLHGU22L71E392G	535	-20.2103025	66.071046
"Meyerallee 895
73488 Oberviechtach"	Florist	Heuser Lindner KGaA	A-	860-35-0872	709	48.44137	43.632759
茨城県西東京市中鉢石町16丁目2番4号	電気工事士	有限会社高橋食品	B-	375-43-9750	493	11.9879925	-52.830674
"Canale Gustavo, 36
10070, Col San Giovanni (TO)"		Cossiga-Venditti SPA	B-	TZZNNT63A23B483L	117	75.418779	41.850786
愛知県横浜市青葉区池之端2丁目9番20号		合同会社中村運輸	B+	201-34-7165	542	-44.6015415	-22.611907
"450 Jake Glens Apt. 636
Lewischester, WY 83543"	Accounting technician	Nelson Ltd	A-	531-34-0790	280	-0.6645755	-117.416049
"076 Taylor Forges
Ortizville, KY 32554"	Licensed conveyancer	Wright, Velasquez and Sweeney	B+	570-67-3701	785		
"Rua de Fogaça
Conjunto Santa Maria
82060-411 Cirino da Mata / GO"		da Conceição	B-	52304689124	310	28.939788	-40.292604
"Morro de Garcia
Silveira
62182-825 Rios / RO"	Panificador/Padeiro	Aparecida Borges - EI	AB-	15403829660	646	9.61073	-8.495371
"9107 Smith Pine
Crystalbury, NC 52332"		Guzman and Sons	AB+	314-50-1277	707	76.501033	-65.260593
"Via Panatta, 55 Appartamento 1
41028, Rocca Santa Maria (MO)"	Lecturer, further education	Musatti, Guidotti e Verga SPA	A+	MRNDNI56S12E821S	165	71.813043	-176.807434
"Distrito Sousa
Santa Maria
92724546 Guerra / AM"		Caldeira	B+	67824359000	351	-29.930884	-66.0814
滋賀県横浜市港北区下吉羽12丁目15番20号 高輪コーポ129	気象予報士	有限会社高橋電気	A+	771-92-1728	311	-1.021033	-90.063205
		Morgagni, Micheletti e Vattimo e figli	B+	NGLTNO20E20A323M	503	62.071725	39.30553
	薬剤師	株式会社鈴木印刷	A+	379-55-6332	157	28.90963	62.020592
"Viela de Sá, 88
Jardim Montanhês
81733600 Montenegro / GO"		Carvalho	B-	36082514998	390	-3.5251055	14.985965
		石川情報合同会社	AB+	137-79-3878	220	54.0521485	-105.115403
		Nette	A-	402-71-7424	58	-81.2162	-63.625018
"35603 King Ports Apt. 616
Lake Veronicashire, MA 38913"		May-Harvey	A-	519-29-9727	305		
"Mentzelweg 77
91608 Greiz"		Stoll	O-	799-80-7600	633	-47.157623	-160.772094
"Via Piergiorgio, 74
55064, Loppeglia (LU)"	Sales promotion account executive	Saffi, Oliboni e Lombardo SPA	AB+	TRPGSN53P62D374R	614	7.6314495	-167.855555
		Lopresti Group	B-	RZZSRN59C09A925X	342	45.420436	90.589998
熊本県文京区千束15丁目11番16号	薬剤師	中島印刷株式会社	O-	706-83-5091	386	16.574884	178.109964
"Alameda Marcela Cavalcanti, 979
Suzana
77322-857 Moreira Alegre / MG"		Macedo Fonseca e Filhos	AB+	04738152904	477	25.3507085	109.543571
"922 Clinton Gateway Suite 902
Timothyside, CT 14998"		Silva-Suarez	AB-	713-07-2864	433	13.6593045	54.239441
"Vicolo Natta, 7
20073, Opera (MI)"		Rubbia SPA	A+	LRDGMR09P46G838S	656	72.7950605	61.133218
"Chácara Bárbara Vasconcelos, 96
Vila Da Amizade
01059-992 da Cruz / MG"		da Rosa Jesus Ltda.	AB-	39471260850	755	40.5678365	157.043118
"Alameda Fogaça, 3
Pirineus
95134273 Rezende do Sul / PA"		da Mota	O-	41793520607	162	35.497864	153.406437
		Gumprich Stiftung & Co. KG	B+	018-96-0571	645	-18.4581725	37.927232
茨城県長生郡白子町外神田21丁目20番4号	漫画家	松本銀行有限会社	O-	225-55-9153	394	-44.7661095	117.79517
"Andy-Holsten-Ring 83-87
90773 Erding"		Freudenberger GmbH & Co. OHG	B+	593-69-6909	65	-46.704755	57.758572
"Piazza Victoria, 742
00141, Roma (RM)"		Dibiasi, Carocci e Paolini s.r.l.	B+	BGODLS26S20I292R	444	-15.982083	21.395995
"45045 John Crossroad
Petersonmouth, NV 90427"		Vargas-Anderson	O-	564-41-7316	736	-12.884713	63.323165
"Loteamento Brito, 38
São Gabriel
49019368 Cassiano das Pedras / CE"		Pereira	B+	37968201586	433	30.416268	-155.076557
		Luxardo, Renier e Rinaldi SPA	A-	RSTDRN23M58D424H	125	-19.9086355	-133.150914
		Nogueira	AB-	02617534871	647	30.463426	159.987935
"Myriam-auch Schlauchin-Platz 51/53
99057 Gotha"		Kranz	A+	632-19-3789	427	79.6642665	-66.572651
"Via Berenice, 32
23806, San Gottardo (LC)"	Travel agency manager	Gucci, Bonomo e Tiepolo SPA	A-	MNTMDA92A53H074U	643	-30.822675	100.164766
岐阜県山武郡芝山町大中40丁目22番8号 四区町パレス341	歯科医師	合同会社吉田ガス	A+	520-11-4161	271	9.031888	126.893923
"Trevo de Souza, 3
Caiçara - Adelaide
49289955 Lopes / DF"		Dias	B+	58042639198	70	-79.064709	57.223932
"PSC 7892, Box 1111
APO AA 53146"		Shelton-Brown	A-	049-51-6963	399		
"Andres-Bolzmann-Allee 574
79932 Chemnitz"		Fröhlich Jäkel Stiftung & Co. KGaA	B-	301-52-7183	444	-14.114856	-98.011125
"Vicolo Juvara, 4
10063, Pomaretto (TO)"		Luria, Chiappetta e Gaggini s.r.l.	B+	FFRPRN83S08F167N	381	-86.8356915	-78.846676
		Ward-Browning	B+	652-96-2966	733	-12.370128	20.949569
"Conjunto Heloisa Cirino, 76
Bom Jesus
78162-711 Pacheco / CE"		Rodrigues	A+	69842351033	620	-77.517228	-33.553586
"Canale Broggini, 147
28881, Ramate (VB)"		Bonomo-Bertoni SPA	O-	CMBDNI10A03G961L	583	54.782824	-154.295919
"Pátio Alexandre Alves, 97
Coqueiros
64846159 da Rosa / PE"		Garcia	B+	94703682150	385	16.04744	164.294421
	寿司職人	中村水産株式会社	O-	816-02-4020	424	-19.9414835	21.324566
"124 Alec Walks Suite 877
Lisafort, NH 47219"		Kramer-Lloyd	AB-	292-44-5631	55	-85.4334395	82.093507
		Sanders-Wiggins	AB-	184-15-1440	165	-21.61573	162.204998
"Rädelgasse 84
02741 Augsburg"		Gotthard Geisel OHG mbH	O+	517-71-6994	708	-50.1536375	138.281944
"Köhlerring 72/78
20703 Neu-Ulm"	Friseur	Junken OHG mbH	O+	239-04-1575	253	-25.5772375	177.513175
"876 Curtis Meadows
Port Evan, MH 21174"		Rasmussen, Ochoa and Flores	B-	287-76-1286	237	-3.248916	59.874703
"Incrocio Matilda, 79 Appartamento 82
09028, Sestu (CA)"		Stradivari, Tamburini e Manzoni Group	O-	TMBGLS76D64E348D	725	-64.9272085	151.9152
北海道横浜市旭区湯宮42丁目25番13号	小説家	西村情報合同会社	B-	628-35-7644	730	47.812602	145.757474
"Parque Câmara, 81
Santo Antônio
20348-978 Macedo / SC"		Novaes	B-	39468215024	372	-39.5763535	90.829227
"Avenida de da Costa, 25
Teixeira Dias
48691-802 Silva / TO"		Costa	O-	29508341670	650	-35.1669865	-153.846569
"Hellwigplatz 1/9
36973 Reutlingen"		Sauer	O-	647-02-3165	216	79.0555005	5.369961
		Drubin AG	B-	721-83-3540	175	-4.271045	-20.790655
"Morro Cirino, 76
Vila De Sá
73375489 Peixoto / SP"	Jornalista	Campos	A+	78302654965	92	63.2053015	-141.370281
"Campo de Dias, 293
Garças
56725-760 Ferreira / RR"		Cirino	O-	39804762196	143	58.484475	122.288441
		Gorlitz AG	B-	334-48-8591	661	-51.2370505	-138.867074
千葉県青ヶ島村西小来川25丁目24番13号 千束アーバン541		長谷川通信株式会社	B+	030-56-8832	434	5.826405	169.358461
茨城県調布市高田馬場25丁目23番9号	栄養士	有限会社藤原印刷	B-	632-98-2786	402	-36.769029	-92.125859
茨城県印旛郡栄町小入23丁目4番11号 豊町パーク897		合同会社吉田保険	B+	465-77-3583	113	-27.33062	-118.554503
"7410 Jennifer Mission
West Christopher, IA 38260"		Hayes-Thompson	B-	150-28-9326	232	13.289479	46.820133
"27057 Jeff Union
South Ginaton, IN 00793"		Schwartz Inc	B+	878-09-2837	77	-18.165244	-104.319097
"Vicolo Michela, 466 Piano 2
26040, Derovere (CR)"		Abate, Barozzi e Zacco s.r.l.	O+	LGRPRS72A60M143F	272	23.1648265	-11.210018
"USNV Miller
FPO AE 59631"		Fisher, Garcia and Miles	A+	502-75-4104	709	86.5982	-1.07688
"489 Zachary Ville Apt. 122
West Davidstad, UT 54188"		Smith PLC	O+	563-62-8526	551	-6.2986865	-65.198156
"Pátio de Viana, 322
Venda Nova
93248994 Sousa do Sul / ES"		da Cruz Ltda.	B+	80396471501	539	2.300141	130.073469
"86796 Powell Underpass
North Dustintown, NE 50647"	Engineer, automotive	Macias Group	A+	505-98-2866	123	-39.073224	46.878135
"Stretto Emilio, 21
12030, Rifreddo (CN)"	Engineer, chemical	Avogadro e figli	A+	FRCNTT23C25L843U	554	-2.2130915	-52.233658
"Favela Marques, 902
Cabana Do Pai Tomás
39240-474 Leão dos Dourados / AL"		da Luz	A+	46832170904	705	47.340716	-121.339787
高知県横浜市鶴見区蔵前13丁目14番13号 東上野シャルム524	グラフィックデザイナー	吉田鉱業株式会社	A+	146-78-6266	744	-50.1207875	-23.275475
栃木県青梅市西神田8丁目17番5号		合同会社松田鉱業	AB-	596-69-4277	404	-68.0722325	23.630897
愛知県横浜市戸塚区柿木沢新田4丁目7番2号 松が谷パレス503	医療事務員	石井銀行合同会社	A+	824-05-0713	32	-10.800451	-84.906197
"288 Smith Inlet
Lake Cherylburgh, VI 10987"	Scientist, water quality	Wilson-Townsend	AB+	450-06-0724	651	42.2191345	113.554224
福井県横浜市鶴見区白金台25丁目16番9号		高橋運輸合同会社	A-	830-93-6605	136	39.781411	-65.985512
"Langeplatz 3/9
11309 Meppen"		Jäkel	AB+	666-48-0617	692	-23.93983	6.424342
"Condomínio de Pimenta, 83
Vila Real 1ª Seção
13018437 Sales / RR"		Santos - ME	AB-	58194260370	626		
"1971 Austin Trafficway Suite 235
Sotomouth, CO 36938"		Beasley and Sons	A-	166-64-5717	41	-24.9245855	147.804441
"Viaduto Correia, 50
Vila Oeste
27343-489 Aparecida da Serra / PB"	Recepcionista	Araújo Ltda.	AB-	13567028480	669	-61.666324	-118.201503
"Unit 3595 Box 4733
DPO AP 69323"		Ho, Pierce and Stafford	A-	282-25-3903	761	-27.9914465	139.051867
		Rowe, Solomon and Ramirez	A+	730-47-7630	539	-42.5767425	56.702255
"988 Manuel Mountains
Masonland, MA 14080"		Anderson, Dorsey and Powell	B-	824-34-7389	105	21.5163655	67.70024
"Eigenwilligstr. 92/50
51545 Tübingen"		Wähner Stey KG	A-	173-05-2690	770	1.7414125	64.227832
"Strada Navone, 55
01039, Vignanello (VT)"		Sabbatini-Carfagna s.r.l.	AB-	BLDLTZ67P24B870C	166	-25.4327515	17.323212
"Travessa Sousa, 3
Vila Jardim Montanhes
53129-110 Rezende das Flores / RO"		Sales	O+	70196852340	400	39.4309135	137.438404
"76940 Michael Extension
South Jenniferstad, WI 02033"	Product manager	Martinez Inc	O-	018-87-5007	545	55.306203	-37.923653
愛媛県昭島市西川12丁目19番3号 クレスト中川崎547	営業	橋本食品合同会社	B-	390-04-2566	47	24.4646245	-85.131518
"Lagoa Moreira, 77
Sport Club
29889-949 Garcia / SP"	Arqueólogo	Moreira Rocha S/A	AB+	36218409589	477	65.6412075	-80.559169
"Estrada Viana, 5
Mangueiras
10038-813 Brito de Novaes / RS"		Lima S/A	AB+	34875129041	696	40.468201	-93.054404
"2720 Christopher View Apt. 744
Tammymouth, KY 72309"	Equality and diversity officer	Lyons Group	A+	566-96-9352	534	46.3956215	118.052694
"29590 Rebecca Key Suite 434
Lake Christina, AK 61211"	Administrator, education	Jackson-Mosley	O-	474-97-2771	583	17.269667	-172.22663
"131 Megan Prairie
Ryanmouth, LA 95637"		Houston-Wolf	O-	134-89-5445	186	-49.981007	-178.120862
"505 Orr Falls Apt. 932
East Anne, AR 56687"	Tax adviser	Harper PLC	B-	269-52-9024	583	-77.1489125	118.738063
		小林通信有限会社	B-	466-25-4345	94	19.2480355	-108.411065
鳥取県小金井市鍛冶ケ沢16丁目22番14号 押上シャルム147		池田農林有限会社	O-	511-48-9793	492	-57.05311	-127.998096
岐阜県横浜市鶴見区脚折町15丁目6番6号 天神島パレス361		佐々木通信有限会社	AB+	706-51-9748	537	-51.7440565	-131.666281
"Residencial de Andrade, 5
Eymard
37774154 Montenegro da Mata / PE"		Vasconcelos Vargas Ltda.	AB+	62945180324	268	6.5216585	-150.050637
"Parque Miguel Marques, 902
Cdi Jatoba
20558500 Rios / ES"		Andrade - EI	AB-	04287315979	78	-6.549177	-151.908793
"Piazza Giulio, 981 Appartamento 0
13888, Ceresane (BI)"		Cutrufo-Faranda SPA	B+	BRSMLD84A19E373P	459	-37.3240475	75.596757
		Rose Inc	AB-	599-50-0811	600	-58.47635	162.049648
		Caldeira Novaes S/A	B-	29631507416	487	62.568951	170.110839
"Travessa Nogueira
Engenho Nogueira
84561354 Cardoso / MG"		da Rosa Sales S.A.	B-	19502648749	54	-55.590282	135.427686
"Friedo-Beier-Ring 73
45402 Holzminden"	Chirurgiemechaniker	Jacobi Jäckel AG	O+	457-24-6624	559	-73.7453145	64.607276
兵庫県小金井市日比谷公園18丁目15番16号 芝浦パレス627		木村銀行株式会社	O-	472-73-1879	218	25.3206055	-97.412447
		Boito, Bandello e Scotti s.r.l.	AB+	MSCBRR56P18A351R	395	-1.578061	97.052862
"Travessa Albuquerque
Indaiá
57252728 Pastor de Mendonça / ES"		Rios	B+	68351940224	290	-25.053276	-99.8409
"Estação Diego Macedo, 89
São Francisco Das Chagas
87700586 Rodrigues Alegre / PI"	Escultor	Caldeira S/A	A-	93086721413	50	-38.069704	-87.039699
"Preißweg 533
80770 Eisenach"	Binnenschiffer	Pärtzelt Löwer OHG mbH	A+	990-92-9555	47		
"Stumpfstr. 151
68431 Teterow"		Ruppert Hettner e.G.	B+	570-88-6779	296	59.19921	-68.374767
"Via Schicchi, 15
34125, Trieste (TS)"	Barrister	Colletti-Armellini e figli	B-	FRRMRN23P53G456Z	102	-77.8544355	-37.498599
"Kobeltweg 4-5
04677 Magdeburg"	Florist	Bohlander Stiftung & Co. KGaA	A-	541-23-9518	607	-75.5038405	-54.606578
"Blochweg 115
08551 Quedlinburg"		Mentzel	A+	629-36-6635	422	1.400177	-106.48055
和歌山県安房郡鋸南町港南6丁目2番13号 二つ室コーポ231		後藤鉱業合同会社	AB-	433-80-2512	379	24.878018	-111.033205
"Rotonda Oliboni, 97 Appartamento 97
80138, Napoli (NA)"		Moretti-Filippini SPA	A+	PSNGNT84D57B501W	393	-40.304664	-8.35485
"Rotonda Enzio, 157
35143, Brusegana (PD)"		Pepe s.r.l.	AB+	LCCMRA43T67I543I	527	-83.8693025	-122.09681
"0180 Elizabeth Hill Apt. 018
North Sonia, OK 22361"		Haynes PLC	B+	074-62-0751	575	-62.98938	175.830828
"Trommlergasse 3-3
72041 Weißenfels"		Striebitz AG	B+	684-67-3052	707	-18.4819035	-116.343396
"46043 Bradley Springs Apt. 372
Lake Kelseytown, SC 82543"		Johnson, Clayton and Morris	AB-	098-55-4663	442	-56.545317	107.979228
兵庫県八千代市中鉢石町17丁目9番19号 シティ幸手883		田中銀行有限会社	A+	793-18-4223	170	74.21864	28.364664
"Kambsstraße 36
62932 Kötzting"		Kraushaar AG & Co. OHG	A+	986-80-2999	288	16.0953885	-163.879126
"Vicolo Angelo, 33
63076, Centobuchi (AP)"	Marine scientist	Boaga, Piazzi e Samele Group	O-	MRCDLA55L09B784V	449	31.2063885	125.497827
"Loosstraße 80
68720 Neuruppin"		Stoll AG	O-	578-18-5038	49	6.7138615	56.920879
"5272 Williams Passage Suite 338
Lake Garybury, AL 37639"		Alvarado-Guzman	AB-	270-92-3943	774	-43.223422	109.022226
"Loteamento Lima
Cidade Jardim Taquaril
48738657 Machado / PR"		Novaes	O-	19032765434	472	81.7406125	1.222526
"Alameda de Aparecida
Canaa
25524-424 Cavalcanti de Câmara / BA"		Novaes	O-	83956247000	161	33.589312	98.054711
		Killer OHG mbH	B+	181-75-6997	543	-30.679701	-38.860239
"164 Vazquez Mountain Apt. 272
Annetown, MH 95390"		Whitaker-Brady	B+	057-93-7558	408	56.4239465	165.227119
秋田県我孫子市百村20丁目26番2号 シティ大京町352		株式会社鈴木銀行	A-	099-94-2343	748	-47.1027195	53.452847
"Fazenda das Neves, 35
Juliana
26531105 Gomes de Garcia / GO"		Freitas	B-	23185796446	34	-0.2813365	-177.03972
"9784 Leslie Forge
East Joan, PR 63279"		Cook-Holmes	AB+	132-02-5083	59	31.5862545	16.44873
"Hornigring 1-5
89672 Tuttlingen"	Asphaltbauer	Sölzer	B-	740-52-8370	804	-21.514304	-25.506117
"Vila de Gonçalves, 7
Buritis
24513-126 Freitas de da Rocha / PE"		Novaes	A-	83492506747	334	-85.1064925	-116.284395
"Contrada Cadorna, 1
67057, Venere (AQ)"		Bosurgi, Giusti e Lattuada Group	AB-	FRNPRI02E71I030J	623	-59.505359	74.452701
宮城県横浜市泉区上広谷23丁目7番1号		高橋水産有限会社	A-	649-38-4557	17	-67.173943	3.319273
		Textor	AB+	844-75-0221	776	42.6188035	-4.105455
"Hornichstr. 26
51207 Kassel"		Bloch AG & Co. OHG	A+	712-66-8674	669	-14.8088585	-63.51145
"1716 Evan Canyon
West John, VA 53634"		Cox, Williams and Palmer	AB+	028-70-6727	593	58.5478095	16.452526
北海道武蔵野市虎ノ門虎ノ門ヒルズ森タワー25丁目7番20号 柿木沢新田クレスト257		合同会社加藤建設	AB-	544-37-1623	327	2.0954125	65.326461
"Vereda de Abreu, 66
Cardoso
50357-525 Almeida / SE"	Garimpeiro	Viana Nascimento - ME	B+	20916754820	351	10.2602425	147.841044
"Estação José Pereira, 88
Jardim São José
74130-112 Pastor / AP"	Carpinteiro	Siqueira	O-	67832904500	551	-14.6083915	68.067948
"Geislerstr. 2076
10578 Gifhorn"		Grein Groth Hölzenbecher AG	B+	877-55-3830	460	53.924848	172.672515
		Simpson-Turner	B-	147-83-3747	454	29.7685155	-83.144935
"Aeroporto Ana Vieira, 2
Vila Bandeirantes
52139-359 Pereira da Praia / RS"		Azevedo	A-	73916452819	794	50.1375725	-169.294534
		中村通信有限会社	O-	063-05-8820	350	4.5638665	124.59132
長野県八千代市蔵前35丁目1番1号		有限会社山田通信	AB-	567-17-2875	337	-21.5237385	51.702705
"Favela de Sousa, 73
Vila Da Amizade
69548-807 Rios da Serra / SP"		Abreu - ME	O-	25103986795	182	3.510265	31.561767
"864 Jade Rapid
West Danielland, VA 55229"	Corporate treasurer	Mcdowell-Jackson	AB-	278-34-6001	337	45.256071	-69.73217
"Remo-Henk-Platz 7678
46696 Mettmann"		Trommler	B+	180-86-2927	579	68.23847	108.042004
東京都夷隅郡大多喜町松が谷18丁目18番6号		井上運輸株式会社	A-	756-53-8782	389	-47.343019	168.80178
"Residencial Caio Cardoso, 767
Vila Ipiranga
80443410 Costa / SE"		Garcia - ME	AB-	13072948550	409	-48.907966	158.257336
"Esplanada de Souza, 26
João Paulo Ii
59817591 Vargas / SP"		Peixoto Rezende S.A.	A-	76820453965	365	-0.0938155	116.52563
福岡県板橋区松浦町14丁目16番7号 パレス中小来川561		合同会社中島食品	O-	761-83-8412	576	61.0572555	112.11893
愛媛県印西市東浅草13丁目21番2号 丸の内ＪＰタワーシャルム124		中村鉱業株式会社	O+	035-23-3853	413	-73.5418375	89.574868
"8626 Summers Mission
South John, MI 99039"		Perry, Winters and Williams	A-	836-36-6948	262	62.286266	163.479529
		Aparecida e Filhos	O-	60142753807	321	26.0547795	176.729348
島根県南房総市中宮祠8丁目5番8号 高田馬場アーバン094		有限会社鈴木建設	O+	779-71-0793	514	-76.429614	0.934664
"Feira Santos, 58
Vila Atila De Paiva
83617-465 Novaes dos Dourados / RO"		Fogaça Ltda.	A+	61908372478	337	-72.393168	-159.365485
栃木県調布市芝浦7丁目11番8号 雷門クレスト408		田中通信合同会社	B+	717-26-2024	474	66.251442	53.352825
"38469 Jorge Streets Suite 148
Simmonsburgh, NH 46913"	Lobbyist	George, Woods and Stewart	O-	781-97-4705	731	-83.819706	-124.553537
"Via Ginese, 44 Piano 0
23806, Valcava (LC)"		Aldobrandi SPA	O+	FLRFRC44L30D927H	410	-76.292148	74.991376
"Núcleo de Pacheco, 85
Vila Real 1ª Seção
62393-834 Porto do Oeste / DF"		Pereira Rezende Ltda.	A+	02679813413	345	-74.041925	-5.086567
"Viale Samele, 520 Piano 6
40056, Muffa (BO)"		Veltroni, Sagese e Carducci SPA	A-	SMNCTN07P21G909E	224	-72.3037835	-20.277723
"Viale Renzo, 636 Appartamento 27
63031, Castel Di Lama Stazione (AP)"		Travaglio s.r.l.	O-	GNNGNL32D59C661U	153	-53.6065945	-125.357758
"Angelina-Jacob-Straße 9
88753 Duderstadt"	Elektroniker	Dobes Ditschlerin e.V.	O+	049-63-9659	619		
埼玉県川崎市多摩区橋場40丁目16番6号 シティ富久町938	営業	藤井通信有限会社	AB+	270-53-5749	528	77.675786	-43.20766
		Sales Nascimento S.A.	B-	94672850102	692	-3.697367	-166.928523
		Cunha Sales e Filhos	A+	54097628356	257	2.5865595	105.897229
"Henkstr. 19/30
05290 Anklam"		Trommler	AB+	749-32-0683	39	-8.9414595	50.956519
"Otfried-Stadelmann-Gasse 93-81
55270 Neuruppin"	Asphaltbauer	Rust	A-	029-38-8531	244	6.5175365	-46.096701
鹿児島県国分寺市西小来川10丁目6番6号		小川水産株式会社	B-	738-43-3385	350	-49.4311135	-148.737371
"Mariana-Weller-Weg 12
77411 Kronach"		Linke	A-	319-34-1979	120	64.285137	73.561509
"Loteamento Gabriela Farias, 39
Flavio Marques Lisboa
40454462 Melo de Porto / AC"		Nascimento	B+	86054927167	656	39.6911535	-40.480197
"Alban-Freudenberger-Weg 6-6
99898 Hagenow"		Köster	A-	221-96-4930	3	11.967703	164.666894
"Setor de Barros
Leticia
16860-433 Sousa de Sales / PR"		Souza S/A	B-	49872103550	12	17.0867475	77.997256
		Holzapfel GbR	A-	233-27-6540	100	-73.318584	-167.554192
"Jaroslaw-Wulff-Allee 69/21
08378 Mellrichstadt"		Schenk Kitzmann GmbH & Co. KGaA	AB+	596-69-1314	120	78.28091	26.073831
"Wagenknechtweg 8/2
75603 Wunsiedel"	Pfleger	Langern	O+	099-67-4799	732	43.698134	-145.684836
"Kraushaarallee 36
05282 Bischofswerda"		Seifert KG	A-	868-10-6436	377	27.153981	30.211727
"Gottlob-Wulff-Gasse 326
32984 Gardelegen"		Wiek GbR	O+	123-25-9064	701	-29.412131	-4.8332
"41956 Whitney Rapid
Ianmouth, VI 53620"	Production designer, theatre/television/film	Harris, Davis and Stevens	AB+	054-20-8195	162	-37.4091845	64.455417
徳島県福生市氏家33丁目27番3号 パーク芝浦633		福田電気合同会社	B-	830-34-4276	401	-41.910802	171.045442
"USCGC Lane
FPO AA 92033"	Haematologist	Morgan, Ray and Harris	O-	297-21-9789	416	54.572935	-27.87929
"Fazenda Aparecida, 361
Mariquinhas
63647423 Azevedo / DF"	Engenheiro de telecomunicações	Ferreira	B-	62319705406	37	27.9181125	-89.440533
"Ullrich-Linke-Gasse 897
94780 Griesbach Rottal"		Gerlach GmbH & Co. KG	O-	044-10-9503	131	-55.59643	12.497452
		Castro	AB-	75491328600	628	35.71424	127.091379
		Aparecida Sá S/A	B+	10724389504	52		
"Stretto Maria, 36
83010, Summonte (AV)"		Mortati, Aldobrandi e Castioni SPA	A+	BCSLDC19L53A105U	356	69.014786	-137.398643
"Strada Celentano, 69
80050, Franche (NA)"	Jewellery designer	Renzi-Munari s.r.l.	O-	GRSNTL44R14C102Q	334	-20.260427	-75.177709
"6396 Nichols Stream
South Isaac, NJ 07239"	Equities trader	Shannon-Morrison	B-	511-41-5443	563		
		Cirino	B-	93164082533	161	79.94772	-9.698732
		Anders AG & Co. KG	A-	508-17-8578	549	36.543485	-73.203152
鳥取県横浜市磯子区芝大門36丁目4番19号 コーポ卯の里982	大学教授	株式会社青木通信	B+	866-53-7365	564	36.3281375	-146.095664
"Setor Vargas, 7
Mariquinhas
14583-882 Pacheco / RJ"	Tapeceiro	Marques Gonçalves Ltda.	A+	87251469049	668	-10.981785	-147.182786
徳島県小平市皇居外苑24丁目23番13号 ハイツ松浦町874		小川食品有限会社	A-	719-18-6524	735	-7.20242	104.504746
"Ladeira Maria Isis Cavalcante, 81
Boa Vista
10686-050 Sampaio de Campos / PE"		Costa	A-	31094267813	56		
"Piazza Cassandra, 82 Appartamento 70
46051, Bigarello (MN)"		Catenazzi-Tognazzi s.r.l.	B+	RMNFRN96H08B264U	128	-12.934858	4.771379
	Forstwirt	Heintze	O+	684-55-1574	805	15.285216	-53.540776
北海道町田市藤金35丁目10番11号		中村保険合同会社	A+	505-97-9680	717	-68.1362075	-109.40083
"Lagoa Cirino, 873
Vila Copasa
27305159 Ramos Alegre / PB"		Moreira	O+	63475219034	768	47.4570675	118.022739
"Haufferstraße 33-82
73080 Schwäbisch Hall"		Langern Kade KGaA	B+	690-77-3133	145	41.320834	53.846122
	Gestor de qualidade	Pimenta Porto - ME	B+	53684172090	717	-34.702372	-158.90255
		das Neves	O-	08975362400	54	-36.58653	51.62005
"4736 Bailey Harbor Apt. 889
Lisafurt, NJ 84977"	Private music teacher	Gonzalez LLC	AB-	146-06-0679	566	11.1412975	-19.930942
"Canale Asmundo, 61 Appartamento 0
30122, Venezia (VE)"		Giusti, Antonucci e Proietti e figli	AB-	GRFFRC28B56E808F	130	-24.6713755	116.371967
"Via Borsellino, 31
48022, Belricetto (RA)"	Jewellery designer	Pirelli, Cagnin e Petralli SPA	AB-	FTTGLI49B51G393M	645	-53.626459	-35.543648
"Donata-Hövel-Weg 4/6
65693 Calw"		Geißler Scheel GmbH	A-	866-59-0855	425	9.460172	113.667889
"98367 Kimberly Grove Apt. 847
Port Patrick, VI 95273"	Sports coach	Welch-Brown	O+	825-71-1262	177	43.1277645	-58.578107
山口県渋谷区千束9丁目24番20号 コート東上野741		合同会社小林建設	O-	760-61-9294	497	10.1928685	85.148723
東京都印旛郡印旛村押上34丁目20番18号 丸の内ＪＰタワーパーク954		有限会社中村電気	A+	570-61-7433	192	-85.643112	-75.74929
	イラストレーター	有限会社井上銀行	O+	687-47-3499	287	-71.8873095	126.842374
"Viale Nicoletta, 5 Appartamento 20
10129, Torino (TO)"		Galtarossa-Telesio SPA	O+	PLTLVI95D54L355K	29	-62.7531	14.064127
"6248 Shawn Row Apt. 258
Bowenport, UT 21561"		Bennett-Thompson	AB+	809-30-2645	370	-84.1217535	66.245113
"Distrito Felipe Rocha, 17
Paulo Vi
13192495 Montenegro / AM"		Campos	B-	51980374600	71	70.2335495	27.804253
"Núcleo de Souza, 24
Vila Real 2ª Seção
35120394 Lopes do Oeste / AP"	Aviador	Casa Grande - EI	A+	70693254874	303	-18.300301	94.561537
"Estrada de Pastor, 21
Lagoinha Leblon
36910-833 Nogueira de Cardoso / PE"	Biotecnólogo	Pacheco Sampaio - EI	O-	54178236946	432	-58.076155	69.880875
"Piazza Gioele, 644
14036, Moncalvo (AT)"		Russo-Nicolini s.r.l.	A-	TSCMCL38P58B009A	469	-3.865536	132.230931
"89963 Holmes Creek
Millerchester, CO 69551"		Luna-Mitchell	AB-	249-17-2982	686	72.956144	-2.922672
山梨県横浜市保土ケ谷区上野桜木16丁目4番12号 横林コーポ367		合同会社小林運輸	B+	479-79-8247	324	51.415538	42.042372
長野県八丈島八丈町太田ヶ谷3丁目22番7号		有限会社橋本水産	B+	503-40-4588	259	80.7022205	117.674454
"Ottoplatz 27/11
93128 Ahaus"		Schomber AG	AB-	425-75-4912	250	24.9762295	-103.599377
		有限会社井上建設	AB+	851-71-2403	712	6.9767295	-100.970098
"Rotonda Guglielmi, 81 Appartamento 43
10062, Luserna San Giovanni (TO)"		Gritti, Morrocco e Mantegna s.r.l.	B+	GLNFRN34B02D367R	175	7.566658	-96.202284
"Viaduto de Gonçalves, 381
Buraco Quente
56773-003 Rezende de Leão / RN"	Peão de rodeiro	Oliveira	O+	92407316525	655	-20.2337255	-27.532627
新潟県日野市平河町18丁目10番12号 シティ勝どき381		岡田農林合同会社	AB+	156-24-8458	649	53.380765	27.231858
		Rivera, Calderon and Watts	AB-	878-34-5049	800	-19.720666	-99.31245
"Via Valerio, 125 Appartamento 27
71040, Ordona (FG)"		Tozzo-Manzoni e figli	AB-	TRPRSR07R14I706Q	560	8.355463	125.658025
"Kramerweg 32/52
24440 Starnberg"	Informatiker	Christoph	A-	607-62-8563	699	-58.7654215	4.41218
"Tim-Schwital-Ring 4
14424 Borna"	Krankenschwester	Jockel Hein AG	O+	077-47-8190	735		
"Borgo Arnulfo, 362
23855, Pescate (LC)"		Modugno, Pigafetta e Mantegna Group	AB-	BNGLCU02D66E782Z	506	-63.7988925	157.595479
"48502 Aaron Court
Edwardshire, KS 41950"		Terry, Ryan and Franklin	AB-	335-64-2744	531	-12.9974855	129.613274
徳島県西東京市蔵前5丁目25番11号 東三島コーポ316	公認会計士	村上食品合同会社	O-	021-94-6277	178	16.4881935	-68.196189
"Campo Zoe Ferreira, 60
Mariquinhas
45346193 Pereira de Cirino / RR"		Costa S/A	AB+	32875614991	800	-60.7094685	22.093692
"Strada Petruzzi, 22 Appartamento 21
31058, Susegana (TV)"		Cristoforetti-Piovani Group	AB-	CSDLND19C56C230F	634	-50.781645	105.338182
"Heribert-Bohlander-Allee 9-9
46206 Dinslaken"		Gorlitz Weinhold e.V.	A+	136-32-2210	153	-58.1953655	145.349398
"Strada Fattori, 11
30020, Giai (VE)"	Fitness centre manager	Rossini-Roncalli Group	AB-	TTNGBL86E60I060X	260	57.4812815	81.830694
東京都横浜市港北区氏家3丁目5番10号 箪笥町クレスト321		株式会社佐藤運輸	B-	665-07-9263	88	-18.732367	-142.741684
"Praça Carvalho, 1
Jardinópolis
86148516 da Rosa / PB"	Atleta de tiro com arco	Rodrigues	AB-	35078246126	776	52.201663	119.225246
		鈴木電気有限会社	A-	268-35-1207	175	-68.060019	79.832764
宮崎県豊島区氏家新田28丁目7番19号 月島コート234		有限会社林運輸	O-	828-28-9839	616	-54.394868	-15.030261
"Langering 155
74661 Finsterwalde"		Jüttner Heinrich AG & Co. KG	A-	360-32-6702	670	36.259395	165.772224
		Hudson-Kelley	AB-	725-34-6651	209		
"Biggenring 17
34536 Uffenheim"		Mielcarek	AB+	949-08-4115	391	-70.301225	32.646062
		Gutknecht AG & Co. OHG	A+	600-79-6198	613		
"Hanna-Pärtzelt-Gasse 6264
44796 Rosenheim"		Oestrovsky AG & Co. KGaA	A-	680-38-3285	542	72.4037805	-34.343481
大阪府四街道市中宮祠40丁目9番16号		山田食品有限会社	O-	618-90-2407	90	26.8854835	-37.952866
"84623 Zachary Road Apt. 908
East Helen, AL 90235"	Hydrographic surveyor	Vasquez-Chambers	O+	831-87-9205	739		
	花火師	佐藤農林株式会社	A+	025-97-4237	490	-72.080607	140.062575
"Stadelmanngasse 11
96144 Steinfurt"		Stiffel Söding AG	B+	531-08-2213	643	-48.5242185	108.545422
"PSC 8367, Box 6204
APO AP 08723"		Hayes-Savage	B-	468-78-1789	385	53.740602	45.801579
"Hans-Erich-Steinberg-Straße 34
87732 Bernburg"	Drogist	Zänker	O+	166-86-4393	6	-12.585004	53.942116
"PSC 2336, Box 5671
APO AA 08960"		Mitchell, Turner and Williams	A-	186-86-4884	524	24.715912	30.409581
"Carmela-Weiß-Weg 884
51870 Rockenhausen"		Ritter	A+	546-22-3982	91	-22.938987	-77.443392
"Via de Costela, 85
Santa Helena
07574-135 Cassiano / ES"		da Cunha	A+	15463078939	74	44.538426	157.234324
"Aeroporto Jesus, 8
Confisco
06048-659 das Neves da Prata / SP"		Câmara - EI	A+	30642179840	366	67.9125565	-45.86652
"Estação Gomes, 59
Beira Linha
30404-905 Cassiano de Gomes / AC"		Pastor	A-	95418067249	755	3.219251	-46.186757
山口県袖ケ浦市東三島19丁目27番20号 シャルム中鉢石町776	航海士	株式会社田中鉱業	AB+	847-73-0806	520	-1.794027	107.634387
"Aeroporto de Vieira, 46
Vila Real 1ª Seção
61254345 Sales de Goiás / RR"		Abreu	B+	56913078277	723	-70.8277645	-50.166645
"Irmengard-Röhricht-Straße 8
59222 Dessau"	Drogist	Holzapfel	B+	000-30-7424	438	-27.0297155	148.859498
"Bohlanderplatz 4/1
56591 Dinslaken"		Klapp Förster e.G.	A+	380-12-4709	268	54.216118	-74.136558
"Unit 7617 Box 1878
DPO AE 97093"		Caldwell LLC	AB-	613-87-3237	219	51.0485725	47.441324
長崎県川崎市川崎区天神島22丁目2番12号 コーポ渡辺282	アニメーター	株式会社山本運輸	O+	569-77-9184	349	-7.245573	-29.975212
"Strada Gori, 211
20843, Verano Brianza (MB)"		Tomasetti, Agostini e Cociarelli SPA	O+	MRRDNG55P43E382Y	60	13.296066	-178.666145
"Área Siqueira, 80
Maria Goretti
06034032 Ramos / SC"		Melo Farias e Filhos	AB+	16348502708	710	27.1004235	-122.32602
"Praia Lucas Lopes, 48
Conjunto Paulo Vi
74453-933 Costa / AP"		Nascimento Dias Ltda.	A-	17025463817	99	-66.216525	43.686932
"Vicolo Tonia, 30
24066, Pedrengo (BG)"	Contracting civil engineer	Michelangeli, Scarlatti e Sokolov SPA	B-	NTNGNN15L06D266V	179	42.060635	-24.694881
"Trevo de Câmara, 36
Taquaril
64901-776 Gomes / AM"		Nunes Cunha - EI	B+	36254087910	320	-77.8793515	-8.765113
	Patent examiner	Wilson-Rose	B+	665-95-1389	198	60.4417455	169.901596
宮城県長生郡長柄町芝大門37丁目16番7号		渡辺銀行株式会社	B-	648-96-2917	441	35.925322	-112.195636
"Via Cicala, 24 Piano 8
16155, Pegli (GE)"		Vitturi s.r.l.	A-	BGONDD17R13A056G	743	-21.266492	-138.846257
"377 Lindsey Station
Susanport, UT 23357"	Solicitor	Thompson Group	AB+	784-08-4524	306	-25.5930205	-42.037861
"Contrada Fantini, 64 Piano 4
72012, Serranova Di Carovigno (BR)"		Oscuro, Pausini e Mantegazza SPA	AB+	TRVPLT40S09D120X	713	44.6350795	34.859117
"Chácara Barbosa
Vila Satélite
74987495 Melo Verde / PI"		Macedo	B+	83219754023	202	70.8950375	122.87724
	Surveyor, minerals	Giannelli SPA	A+	PRTLNI84P20G443Y	497	80.603029	-83.62007
岩手県川崎市多摩区中鉢石町36丁目16番13号	歯科医師	株式会社小林電気	B+	535-04-8810	596	58.0693115	11.572843
		Moraes e Filhos	B+	65940138748	336	-29.3444215	17.975864
"79522 Emily Gateway
Lake Elizabethview, FL 17401"		Owens PLC	O+	542-72-3250	431	-24.096127	-80.565901
"Viela de da Rocha
Flavio De Oliveira
38090051 Pastor de Teixeira / SP"		Lima	AB+	12905374888	436	75.5150985	-61.125964
"Incrocio Schiaparelli, 5 Appartamento 29
16040, San Colombano Certenoli (GE)"	Chemist, analytical	Maglio Group	A-	RSMSLT18R64G625W	288	62.7726245	-39.073629
"Evelyn-Walter-Platz 43-17
54737 Cuxhaven"		Jäkel	B-	446-85-6372	578	41.869142	40.513037
"Via Camilleri, 28
16029, Torriglia (GE)"	Trading standards officer	Trapanese-Mercantini e figli	A-	PNTZEI07B67E191M	356	41.118784	18.960926
"Largo José Miguel Teixeira, 52
Vila Madre Gertrudes 3ª Seção
54979-208 Almeida / PI"		Cardoso Rodrigues S/A	AB+	32076415980	461	-78.8180015	174.245863
熊本県君津市台場40丁目12番17号		有限会社三浦農林	B-	056-92-3033	276	11.787977	1.044669
"Viale Monduzzi, 1 Appartamento 70
74014, Laterza (TA)"	Development worker, international aid	Ferretti, Serao e Sinisi s.r.l.	A-	SLTVNN04P07C007G	274	46.446697	-64.234575
		Pontecorvo-Virgilio SPA	AB+	STRRMD20S46A978E	254	73.5323395	-65.11257
石川県多摩市浅草41丁目8番6号	花火師	有限会社太田ガス	AB-	337-56-4702	219	-13.1818235	131.704027
"PSC 2215, Box 9760
APO AA 59636"		Oneal-Hernandez	AB+	266-90-3978	223	46.3632445	116.015942
"50854 Fleming Union Apt. 281
Francofort, MT 76150"		Barnes, Paul and Sullivan	O+	241-18-3575	309	-20.142318	-84.187338
"Incrocio Annalisa, 7
07100, Macciadosa (SS)"		Brunello-Camilleri s.r.l.	AB+	TLNMRK69C59H936U	340	25.7222845	38.350049
"810 Hensley Coves
Spencerbury, AR 30742"		Benton-Smith	O+	881-67-7132	408	-59.211422	-176.792379
"Piazza Mattia, 78 Piano 8
21040, Lozza (VA)"		Onisto SPA	A-	BRNSTN63E25H644D	352	-83.093675	158.476567
"Alameda Lucas Araújo, 95
Biquinhas
17424647 da Cruz / RR"		Costa Teixeira e Filhos	A+	31264078544	84	-56.2132435	-12.899367
富山県安房郡鋸南町小入24丁目1番13号		橋本印刷合同会社	AB+	809-72-7318	94	-73.3840185	96.457182
長野県横浜市南区東和町29丁目2番2号 上野桜木アーバン311	運転士	渡辺印刷株式会社	AB-	825-45-9293	218	-10.5167785	-177.187751
"Augustin-Gieß-Gasse 4
33157 Sangerhausen"		Rudolph GmbH & Co. OHG	O+	395-70-5064	157	-43.020211	-145.681999
"Morro Vargas, 7
Vila São Gabriel Jacui
52211637 Pinto de Goiás / AP"		da Conceição - ME	AB-	47568932109	621	-77.212688	-43.632303
"Setor Isadora da Paz, 51
Parque São Pedro
37542785 Cavalcante / SE"		Caldeira	A+	40178536920	207	-26.9664345	80.787062
		Ebert	AB-	976-29-4760	551	-33.5033015	-68.660594
"Borgo Salvi, 12 Appartamento 4
25072, Bagolino (BS)"		Toninelli Group	B+	GNZCRI36M41G580C	397	-72.181317	-43.339477
"Canale Diana, 7
74020, Leporano Marina (TA)"		Vergassola, Soderini e Nadi s.r.l.	A+	SBRFRC14C25I305K	331	-85.2117905	60.834556
新潟県利島村明石町10丁目12番8号	営業	合同会社斎藤情報	AB+	365-29-3050	525	69.9979985	-100.477918
秋田県富里市太田ヶ谷21丁目11番11号		清水保険有限会社	B-	794-49-0739	387	70.4667435	-96.670615
"Núcleo Ian Fernandes, 468
Vila Copacabana
56440-309 das Neves da Praia / TO"	Engenheiro de produção agroindustrial	Alves	O-	49067851230	77	7.7001805	86.007437
長野県立川市日比谷公園40丁目6番7号 シャルム平須賀366		有限会社吉田ガス	A+	520-75-8383	579	27.213497	112.07815
"Dan-Wulf-Straße 739
01061 Goslar"	Beamter	Trubin AG & Co. KGaA	AB+	354-03-8076	477	-21.3207195	-95.141914
福岡県横浜市鶴見区竜泉22丁目25番6号 ハイツ押上660	グラフィックデザイナー	加藤印刷株式会社	O+	103-50-0834	743		
"Praça Sarah Ferreira, 9
Vila De Sá
92788449 Cardoso da Prata / SC"		Vieira Pimenta Ltda.	A+	83465720180	683	-33.6388085	176.43744
"Vila de Pinto, 81
Universitário
52904-453 Fogaça / PA"		Lopes	A+	87610943231	382	1.395822	83.114327
"Lagoa Théo Teixeira, 37
Conjunto Providencia
82809263 Rocha / PB"		Barros Ltda.	O+	93042187560	764	3.971845	117.834815
"5329 Jimenez Roads Suite 061
Bruceview, TN 72715"		Newman-Johnson	AB+	282-14-7503	688	-34.6458775	-66.167211
"328 Brooks Underpass
Tamaraland, PW 68048"		Mccarthy Group	O-	561-25-5271	294	-17.053924	-104.182786
"Vicolo Eraldo, 0 Piano 9
50022, Lucolena (FI)"		Mercati-Giannini e figli	A-	BNNMRN49C68H192F	151	-7.424559	-92.978937
	Newspaper journalist	Stevenson Ltd	AB-	205-18-9144	351	5.98336	-177.913857
和歌山県横浜市保土ケ谷区脚折26丁目21番9号 コート中川崎051		合同会社岡本印刷	O-	229-19-0180	733	-1.3822845	-71.994157
		Mack-Wright	AB-	019-72-9616	182	43.891226	-82.032398
"Parque Alves
Europa
65324999 Cardoso de da Rocha / CE"		Costa Aparecida S/A	AB-	56792418030	31	50.883146	-70.578935
熊本県鴨川市港南30丁目15番7号 芝浦シャルム487		福田保険有限会社	O+	347-24-1740	470	80.9184545	134.413908
"Viale Chinnici, 61 Appartamento 6
28856, Villette (VB)"		Veltroni-Garobbio e figli	A-	TRPMCL46L68F054W	449	4.729782	-140.865082
山形県羽村市鍛冶ケ沢38丁目20番13号 アーバン平河町110		株式会社小林保険	O-	485-26-4121	394	-80.3508175	140.898954
		Siqueira Monteiro - ME	A+	94360187203	471	51.7042585	-74.069578
群馬県長生郡一宮町台場38丁目9番1号 コーポ柿木沢新田383	エステティシャン	佐藤運輸株式会社	A+	491-81-0659	300	38.7350215	121.007833
"Loteamento de Pinto, 42
Vila Nova Gameleira 3ª Seção
30978-600 Caldeira do Sul / CE"		da Cruz Aragão - EI	B-	20354781626	721	-30.3513235	161.415713
"Praia de Silveira, 84
Minaslandia
01237-925 Moraes / MT"		da Paz	A+	51634907884	735	7.1490255	3.209746
"André-Stadelmann-Straße 21
60364 Demmin"	Techniker	Margraf Scheibe AG & Co. KG	B+	858-08-3780	220	34.478477	-44.791926
		合同会社山下運輸	O+	277-61-7956	778	-48.9655075	174.094434
"Estrada de Pereira, 43
Cidade Nova
01521994 Guerra / AP"		Souza	O-	96745283000	789	14.284503	5.483794
福岡県小金井市六番町8丁目13番12号 クレスト長畑011		山本鉱業有限会社	B+	627-09-2278	351	31.752912	-173.301004
"Unit 5478 Box 7311
DPO AA 96989"	Historic buildings inspector/conservation officer	Foster Ltd	A-	376-36-2375	602	-24.413559	99.049791
	Erzieher	Süßebier Adler AG & Co. OHG	B+	841-57-4605	46	-6.030917	-93.463915
"709 Young Valley
Lake Andrew, TX 98536"	Holiday representative	Pratt, Thomas and Bernard	AB-	377-28-1538	110	-66.048547	98.920538
兵庫県横浜市鶴見区池之端12丁目10番2号 パレス北青山753		村上鉱業有限会社	AB+	277-12-1267	396	1.3881335	-100.708628
	Chief Technology Officer	Terragni, Costalonga e Palombi Group	O+	TRCMDA93B51I438T	628		
"Misicherplatz 98-83
11175 Luckenwalde"		Klotz	A+	085-96-6021	226	-59.7724895	87.885466
"Hulda-Stiffel-Allee 88
72340 Bremervörde"		Nohlmans GbR	AB-	821-62-2777	86	75.5843605	39.841516
"Kuschallee 4976
09466 Mühlhausen"		Klapp	AB+	660-57-7881	6	-75.8153855	-178.493309
		Kitzmann GmbH	A-	717-32-4125	105	-45.858521	-118.031717
"1178 Sanchez Fork Apt. 848
Patriciaville, WY 85914"	Medical laboratory scientific officer	Levy-Pierce	AB-	064-60-1859	227	-66.8365505	-80.545551
"Alameda de Almeida, 76
Liberdade
42219223 Pimenta Alegre / TO"	Caldeireiro	Peixoto	AB+	76129084501	616	73.440801	-71.819546
"45840 Silva Motorway
Danielleborough, PW 79850"		Summers-Thomas	O-	083-59-4625	289	57.1135555	151.260171
"0234 Villegas Parkway
Rosemouth, GU 79047"		Hall, Stone and Meyer	A-	808-46-8503	758	42.2941325	73.666906
神奈川県四街道市箪笥町3丁目8番2号		株式会社小林農林	A+	541-08-9672	286	27.148767	174.4537
"Minna-Putz-Gasse 4/6
11041 Schwarzenberg"		Langern KG	A+	664-78-9290	527	34.5813275	30.251359
	Automotive engineer	Gilbert, Hodges and Ibarra	A+	028-44-1639	372	79.1048595	149.967351
広島県御蔵島村東大和町35丁目12番19号	介護ヘルパー	長谷川電気合同会社	A+	723-17-3967	172	-45.785769	-146.704543
"Rotonda Cicilia, 59 Piano 1
63826, Moresco (FM)"		Campano, Fanucci e Malpighi Group	B-	GRBLGU99T55E523K	517	-24.8679515	-43.201817
岡山県川崎市多摩区氏家新田20丁目12番16号 ハイツ脚折440	映画監督	株式会社佐藤銀行	A+	694-62-8849	262	83.145693	120.238709
"USCGC Hendricks
FPO AA 80680"	Physicist, medical	Tran Ltd	AB+	087-45-3290	170	2.3988595	-2.388243
新潟県横浜市都筑区上野桜木7丁目12番18号 シティ日光533		有限会社石井建設	O-	778-44-3837	688	-68.6508445	50.110671
佐賀県神津島村前弥六南町3丁目1番4号 日光パレス982		株式会社田中銀行	A-	385-70-5922	623	-80.735311	-125.244855
"Canale Botta, 1
19037, Santo Stefano Di Magra (SP)"		Farinelli-Tarantini s.r.l.	A-	TGLFBZ17E63M258U	737	88.4852315	-156.471275
	Hospital pharmacist	Mitchell, Smith and King	A+	549-42-8658	9	-55.233142	110.031502
愛媛県港区二つ室12丁目7番5号 クレスト四区町480	歯科医師	中島運輸有限会社	O-	674-94-7344	484	-59.243674	-77.829436
"Schäferstraße 91/59
60616 Jessen"		Müller	O-	650-86-2352	326	-86.2553275	-145.590482
"147 Breanna Rapid
New Jeffrey, PA 82391"		Barton, Abbott and Braun	A-	072-10-1797	124	-26.236433	86.932932
栃木県青梅市丸の内ＪＰタワー39丁目27番14号 コーポ小入165		株式会社高橋鉱業	B+	496-98-5006	670	17.616346	157.038796
		Guerra	A-	14362987509	194	-68.9673835	114.365537
		Hartung GbR	B+	972-63-0344	776	-79.000521	96.015627
"Estação de Câmara, 8
Oeste
53540803 da Conceição de Teixeira / AL"		Peixoto	O+	50126879494	34	41.922188	-157.773044
"Marie-Luise-Jäntsch-Platz 5968
57596 Pegnitz"		Heß	O-	476-52-1032	710	23.089693	32.363846
"Avenida de Pinto, 62
Pongelupe
39125051 Sales / SE"	Governanta	Fogaça	B-	10453978657	311	42.9501195	83.556835
"718 Kennedy Roads Apt. 100
Justinville, CT 05677"		Nelson PLC	O-	588-54-6663	92	-80.725153	158.95158
"Schollstr. 5/3
01373 Beeskow"		Paffrath Weihmann AG	B+	580-70-6104	389	-72.481659	3.594179
"Feira Garcia, 20
São Gonçalo
49558-690 Lopes / SE"		Alves S/A	O+	98472306178	258	-1.039156	104.561329
"Alameda de Alves, 458
Barão Homem De Melo 1ª Seção
34443-969 Leão do Campo / BA"		Peixoto	AB+	90365127434	726	13.7141535	-86.364239
	Artist	Hettner GbR	A+	742-44-7779	356	68.630523	176.246169
新潟県荒川区芝大門15丁目27番6号 芝公園アーバン109	モデル	阿部情報株式会社	O+	673-97-2473	644	48.312655	168.238089
"Sítio Hellena Ramos, 45
Trevo
33849-130 Cardoso / BA"	Presidente da República	Barbosa	O+	96314257034	45	-82.5285125	-27.145135
"03305 Wade Mission
Christinehaven, MT 01339"		Bennett, Nicholson and Ingram	AB-	154-06-8951	794	-56.122733	-92.955954
"Viaduto Gael Henrique Costa
Nova Granada
16673-669 Porto das Flores / DF"		Abreu	A+	80951642758	709	74.1649275	25.257943
"Bianka-Ruppert-Ring 2-4
78099 Sulzbach-Rosenberg"	Pilot	Zimmer AG & Co. OHG	A-	060-39-1309	398	25.8957025	-163.943487
"2474 Katherine Estate Apt. 448
Paulberg, MN 26281"		Hampton, Nelson and Riddle	B-	451-09-9622	290	23.7096415	116.902168
"7619 Whitney Manor
South Patrick, NY 73324"		Fernandez, Woods and Norman	B-	218-47-9306	193		
"Vicolo Flavio, 7 Appartamento 54
36012, Asiago (VI)"		Petralli e figli	A+	MNDLRA11C29D597Y	465	58.022969	141.874491
"66184 Johnson Cliff
Carolfort, NJ 04001"		Jones Group	A-	081-40-3556	608	29.5822435	120.789988
		Pärtzelt GmbH	A-	318-42-1536	633	-51.4370165	7.446759
"Área Vitória Oliveira, 7
Barão Homem De Melo 1ª Seção
73252-739 Gomes / GO"		Nascimento - ME	A+	01382694598	639	41.691702	-85.900403
"Via Bergoglio, 17 Piano 6
98146, Santo (ME)"		Turci SPA	B-	NDRLDA80M54E911W	610	-73.676728	-35.991028
		Ramirez-Dyer	B+	589-60-8168	256	57.369056	141.547831
"Alameda Fogaça
Novo Das Industrias
16702345 da Mota / RJ"		Costela Ltda.	B-	49503817684	157		
"071 Bethany Garden
Orozcochester, WA 04287"		Hamilton Ltd	A+	013-47-1454	400	-13.2903985	-56.613949
秋田県横浜市港北区丸の内ＪＰタワー27丁目19番11号 西小来川コート286		田中運輸株式会社	B-	039-62-7893	435	0.9224375	33.525073
"12398 Hart Station Suite 957
Harrisshire, FL 42879"		Ortega Inc	B+	124-16-2200	484	4.4140645	-11.587838
"Wesackstr. 4-2
14921 Marktheidenfeld"		Hettner KG	A+	856-08-0396	675	-5.0725005	6.490722
"Slobodan-Gierschner-Weg 6/5
47124 Prenzlau"	Augenoptiker	Wiek e.G.	O-	887-58-9264	350	37.716042	-138.834016
		Cordova Group	B+	014-34-9875	344	-67.522754	-147.28088
"Borgo Petrucelli, 0
71043, Siponto (FG)"	Environmental consultant	Gremese-Tirabassi s.r.l.	O+	SFRLDN32M41C695W	727	-36.032481	119.423201
		Versace s.r.l.	O+	VNZVNI57C44A916O	406	-62.9337195	-113.340648
"Klemmstraße 1/4
45055 Niesky"	Chirurgiemechaniker	Franke GmbH	AB+	415-96-0482	156	83.757986	176.054992
		Maccanelli-Gaito Group	B+	TLNTNI60A11D177G	525	-86.4320095	136.541069
奈良県長生郡長柄町平河町24丁目12番6号 西小来川クレスト011		有限会社橋本保険	AB-	387-23-7929	265	76.8342585	72.569837
"Vicolo Marangoni, 84
96016, Lentini (SR)"	Advertising copywriter	Benussi, Crispi e Donati s.r.l.	A+	CNVDIA52R14M171Y	241	53.6740315	-109.201835
"Aeroporto José Albuquerque
Chácara Leonina
96531-962 Leão / BA"		da Luz	O-	05138794639	382	17.97324	-162.736163
"950 Klein Brook
North Rogerfurt, RI 81256"		Hunter LLC	AB-	800-16-7552	247	-5.431576	-14.283821
"Parque Kamilly da Mota, 3
Vila Inestan
14220-349 Moreira de Correia / TO"		da Rocha	O-	06153742980	358	30.2452395	90.979536
"89234 Philip Dam
Schultzton, NM 18565"		Gonzalez Inc	O-	348-92-9932	547	4.428842	87.961268
"Rodovia de da Mota, 48
Ribeiro De Abreu
23916647 Pimenta / AP"		Moura Pereira - ME	A+	70695423134	800	-64.0418955	14.860491
"Yusuf-Oestrovsky-Platz 49
27542 Rosenheim"		Scheibe Ackermann GmbH	AB+	456-71-4020	538	-40.257236	-34.89298
"Rotonda Coriolano, 3 Appartamento 11
36013, Piovene Rocchette (VI)"		Zola-Cicilia e figli	AB-	BRZFBA21S30I877O	587	39.243578	-148.544466
		株式会社田中鉱業	A+	249-74-6948	492	36.6815445	3.875155
"Birthe-Vollbrecht-Weg 78-40
86983 Genthin"		Lachmann	O+	768-56-3509	545	57.569473	95.778011
"21603 Ryan Plaza
North Rachelburgh, IL 77107"		Davis-Bass	A-	115-81-4295	72	79.334141	25.585971
"Trevo Isis Novais, 49
Buraco Quente
40912-325 Vargas de Moura / PA"		Castro Campos - ME	B+	24567091361	802	30.4013565	-130.063698
"Julius-Jopich-Weg 484
95821 Lüdinghausen"		Ehlert KG	B+	503-61-6990	404	-49.5511865	81.150724
"Passarela de Silveira, 70
Marmiteiros
28563-037 Cunha / RS"	Tecelão	Pastor Sampaio e Filhos	O+	85247160967	278	69.200766	-121.299528
"Feira da Rosa, 81
Conjunto Califórnia I
36057-298 Sá / SC"		Gomes Brito - EI	A+	84971356010	211	11.9963605	169.86555
"Kai-Uwe-Heydrich-Platz 7-7
65631 Grimmen"	Winzer	Henschel e.G.	A+	273-82-7179	412	30.804807	59.667499
"Aeroporto Cunha, 848
Ouro Preto
43495-650 Brito / SC"		Dias - EI	B+	41675829373	473	1.0716745	-148.46866
奈良県羽村市太田ヶ谷40丁目7番4号 クレスト細竹453		合同会社木村運輸	A+	242-09-2078	538	-19.421905	-151.132738
"Stretto Mondadori, 62
89033, Bova (RC)"		Farina SPA	B+	VNDFRN59T21C308S	129		
"Contrada Barozzi, 399 Appartamento 19
07047, Thiesi (SS)"	Advertising copywriter	Farinelli Group	B+	LMBGLM78A15H732G	273	52.711369	-117.292135
"Ditschleringasse 96
80473 Altentreptow"		Dehmel Hentschel AG & Co. KGaA	B+	819-66-3057	309	63.1192725	40.388134
"Freudenbergerallee 38/41
58520 Darmstadt"		Heinz Süßebier KG	A+	383-85-0680	525	-53.383815	-25.816541
"Vicolo Daria, 3
48022, Villa San Martino (RA)"	Landscape architect	Donini-Riccardi Group	AB+	SCMLNE50S67H907E	513	47.5858365	-6.566801
"97268 Wells Path Suite 440
Obrienshire, CA 58758"		Peters, Kim and Wong	AB+	699-32-7748	46	-16.2618955	54.409407
山口県浦安市外神田13丁目25番19号 アーバン前弥六931		田中鉱業合同会社	A+	535-34-9644	281	18.933085	88.982654
"Eckbauerplatz 85-67
46808 Bad Brückenau"		Reuter Mosemann AG & Co. KG	B-	551-92-0403	585		
		Curatoli-Petrucelli s.r.l.	AB-	PRPGRN64R04B417K	770	-86.028781	-57.581058
"Kambsstraße 68-42
40285 Lübz"		Loos Klemm AG	O-	906-99-3926	61	47.691918	-20.936904
"Stretto Lovato, 24
98043, Sant'Andrea (ME)"		Mazzocchi Group	B+	TSSRGR73L64A660Y	70	-41.7605865	159.286036
神奈川県横浜市南区三筋25丁目27番12号 花川戸ハイツ868	営業	合同会社中村保険	A-	820-17-4801	560		
"Incrocio Tiziano, 327 Appartamento 62
09079, Tresnuraghes (OR)"	Fast food restaurant manager	Squarcione-Federici Group	B+	SCRDNL41R66D913X	247	-85.935235	-18.193446
岩手県福生市外神田30丁目20番6号 湯宮アーバン806		株式会社近藤通信	A-	453-63-2165	606	-74.9686585	-63.204188
"Parque Gabriel Carvalho, 30
Grajaú
58537-700 Barbosa / RO"		Pimenta e Filhos	O-	92631054725	497	-84.301966	-63.055492
	Air traffic controller	Costanzi, Coardi e Venturi Group	AB-	BRCCLR85H45G800Z	26	56.546668	127.964963
"Passarela Ramos, 3
Vila Jardim Montanhes
09830-554 Ramos de Azevedo / MG"		Sousa Rezende - ME	AB+	35019648205	274	-87.781549	151.201106
	Physiotherapist	Faranda SPA	A-	VNVBNT48T51I633M	10	45.8621675	-161.068316
茨城県小平市戸山14丁目17番15号	ウェブデザイナー	合同会社石井保険	O-	742-65-9385	31	36.1725075	64.777315
"Passarela Pastor
Coqueiros
51782-731 Araújo / PI"		Albuquerque	AB-	07259863102	570	-84.043471	-74.460259
"Vereda Vitória Sales, 218
Horto
94866-243 Caldeira da Serra / SE"		Costela Camargo Ltda.	AB-	95426037892	402	-55.102674	173.126085
"Vereda Dias, 15
Santo Antônio
70167-744 Gonçalves dos Dourados / BA"		Rios	A+	56482309151	442	70.021337	-38.811575
"Piazza Gramsci, 156 Piano 7
23805, Erve (LC)"		Omma-Tagliafierro Group	O-	MSCJCP17P49L607S	146	-89.185384	-144.623861
"Praia Montenegro, 1
São Jorge 2ª Seção
18670803 Abreu / SE"		das Neves	A-	68275314062	428	58.9445475	-19.555344
"Mona-Paffrath-Allee 897
95783 Torgau"		Dörr KGaA	A+	256-60-6650	4	76.9732595	-51.347629
"71075 Jacqueline Branch Apt. 047
Avilaberg, AL 34856"	Aeronautical engineer	Figueroa and Sons	O+	423-11-2907	177	-29.074734	122.512307
		Tschentscher e.G.	B-	581-05-5417	146	-69.6558625	156.212141
"Koch IIweg 179
25917 Eberswalde"		Ullmann	B-	328-01-8521	590	53.1245465	-108.33362
"Steygasse 6119
13211 Freudenstadt"		Hamann AG & Co. KG	AB-	973-98-7305	722	-5.228171	-66.272258
		有限会社佐藤建設	O-	545-41-1212	659	81.386515	20.684666
		佐々木農林有限会社	O+	112-55-3798	601		
"529 Williams Prairie Apt. 940
East Joshuamouth, NM 41732"	Conservation officer, nature	Liu Group	O+	344-79-8842	135	5.052	-70.253482
"Incrocio Loredana, 356
59026, Montepiano (PO)"	Computer games developer	Altera e figli	B+	FSCMLN95S23G622K	271	10.801033	-22.208912
"Heßgasse 1-1
28558 Düren"		Mosemann	B+	591-77-3728	697	-36.4008405	59.407616
千葉県清瀬市台東19丁目12番12号		坂本水産株式会社	A-	231-60-6534	784	42.43649	39.239132
"92309 Fisher Ways Suite 987
West Bobby, OK 37370"		Cline, Montes and Davis	B+	047-06-1770	792	70.207175	-161.012882
高知県千代田区睦22丁目19番10号 方京アーバン884		林ガス株式会社	O+	684-31-3307	20	41.220187	112.772197
		Sandi SPA	O-	LCCSNN22R69H429N	706	50.0802675	-175.650335
"Setor Silveira, 3
Vila Santa Monica 2ª Seção
94807-605 Peixoto / PR"		Souza	O-	48037592197	296	58.6598595	35.89409
"USS Nixon
FPO AA 90232"		Smith Inc	B+	336-59-8206	3	55.856921	148.871628
岩手県鴨川市前弥六2丁目1番7号 今戸パレス222	音楽家	株式会社山本保険	AB-	586-62-9064	723	-38.833577	114.11801
"3730 Lindsey Land Suite 863
Smithshire, NJ 03763"		Tate-Garcia	B+	463-27-6469	605	56.4068275	88.184973
大分県東村山市湯本塩原38丁目15番19号 シティ中三依974		有限会社小林銀行	A-	164-09-3818	454	57.702823	104.758432
		有限会社斎藤食品	AB+	136-11-2056	594	34.401496	-137.777203
"Urszula-Henschel-Straße 2
83743 Göttingen"		Fiebig	AB+	222-32-5117	170	-76.8863365	45.416432
"Morro Rael Barros, 41
Vila Da Ária
83518-143 Farias Alegre / PI"	Tradutor	Montenegro	A+	65032748900	96	-0.2112905	61.905375
東京都横浜市鶴見区百村17丁目1番5号 コート氏家新田402		有限会社藤井印刷	B+	377-40-1850	723	-83.7236195	-74.969714
"343 Kimberly Road
West Tylerview, VT 72683"	Land	Curtis-Davis	B+	621-44-5855	791	-66.676897	114.28405
		Cossiga-Bajamonti s.r.l.	O-	BRSRMN08C12D865I	609	68.6022005	-32.901653
富山県鴨川市虎ノ門15丁目12番7号 日比谷公園パレス489	運転士	山本ガス株式会社	B-	346-95-3756	199	-86.5752095	20.63909
"Klemtplatz 32/21
62992 Hersbruck"		Döring	AB-	636-44-2026	204	-19.1901415	-132.254843
	Gerente de riscos em seguros	Nascimento Farias - ME	O+	03495812660	216	-8.402764	178.881737
"Trecho de Gonçalves
Cônego Pinheiro 1ª Seção
86696-118 da Cruz do Oeste / PB"		Moraes	A+	72461035970	121	-43.5446235	-105.957273
富山県小笠原村京橋42丁目24番17号 コート日比谷公園090		株式会社佐藤ガス	A-	504-62-7901	77	-22.600977	-90.481095
"455 Jackson Court
West Heatherport, NC 82198"	Charity officer	Graves-Reid	A+	639-90-7681	91	52.5882825	54.196939
"Stretto Anita, 4 Piano 4
28050, Pombia (NO)"	Therapist, occupational	Franzese Group	O-	MNTVNL92D07G137O	123	4.9058325	116.479344
"Piazza Veltroni, 715 Piano 7
30124, San Marco (VE)"	Tax adviser	Trapanese Group	A+	TRBSTN97D22I113E	315	-48.083643	145.949466
"Incrocio Petrucelli, 5 Piano 0
56125, Pisa (PI)"		Trevisan, Valentino e Cimini e figli	B+	MRRSTN34P21G166B	261	-15.393571	-10.764465
"Klingelhöferplatz 9-3
09500 Meiningen"		Walter AG	AB-	592-56-1523	240		
	Theatre director	Reynolds PLC	O-	087-78-3224	681		
"Estrada de Freitas, 932
Chácara Leonina
06807386 Fernandes de Rocha / GO"	Webmaster	Novaes Ltda.	AB+	06718592420	19	21.277559	8.329821
島根県横浜市栄区上高野28丁目12番18号 シティ木立378	裁判官	中村情報合同会社	AB-	322-36-5110	724	-16.003352	-90.135553
"Alfred-Hartmann-Straße 65/74
08630 Stendal"		Lindau	O-	750-63-9816	85	-43.7790185	10.891379
"Adlerstraße 8-9
80809 Bischofswerda"		Martin	O+	066-20-6850	531	88.8354705	115.930776
"Chácara Dias, 378
São Bernardo
54662-082 Vieira / RR"		Siqueira Alves e Filhos	AB-	16708523426	602	-89.0910845	145.322889
"49537 Michael Rapids Apt. 819
North Robert, OR 12224"		Phillips, Smith and Cruz	O-	844-46-2497	731	-11.9281475	113.753267
長崎県匝瑳市千束40丁目23番3号 パレス細野562		合同会社山崎建設	O-	545-47-6172	151		
"Sítio Novaes, 98
São José
94079595 Câmara / PE"	Selecionador de pessoal	da Mota	A+	64250839729	344	6.7687915	4.725189
"Unit 9254 Box 8620
DPO AA 45616"	Restaurant manager, fast food	Johnson-Baker	AB+	196-68-2060	64	72.4172475	76.321411
	Engineer, manufacturing systems	Chang Ltd	O-	075-62-9963	671	-79.3908715	-75.83382
"Engin-Kühnert-Allee 89/76
56339 Hannoversch Münden"		Berger	A+	644-24-2427	592	-38.9797885	148.958287
		有限会社藤田情報	O-	449-45-2873	173	12.5354815	-22.552084
"Canale Lucio, 6
95024, Santa Tecla Di Acireale (CT)"		Bajamonti-Notarbartolo s.r.l.	O-	GRDRMD13M57F836G	684	57.1945355	-109.903249
"Heintzeallee 50-32
21363 Schlüchtern"		Mielcarek	O-	202-55-7568	340	44.8717685	-42.6113
"Viela de Araújo, 49
Jardim Dos Comerciarios
61679026 Correia do Amparo / BA"		Novais	A+	25964871011	770	-77.957204	33.684877
"57279 Smith Fall Apt. 213
Shermanview, VA 56987"		Graves, Hall and Mcconnell	A-	697-58-6760	407	-0.970859	-28.615718
"Colônia Helena Andrade, 17
Vila São Gabriel Jacui
05514-901 Moraes / PA"		Macedo S.A.	B+	78619023586	659	-51.1625495	-111.328275
"Haeringstr. 23-35
62254 Bergzabern"		Hermann Gorlitz GmbH	O-	714-74-9076	803	-47.9111545	-152.210872
"Vollbrechtweg 5
40858 Luckenwalde"	Bäcker	Drubin Matthäi OHG mbH	A+	786-38-5824	386	54.2753125	173.048861
秋田県香取郡東庄町権現堂42丁目24番11号 羽折町コート321	配管工	株式会社阿部電気	A-	546-15-5255	627	65.238608	-29.052985
	Pilot	Sauer Gumprich GbR	A+	168-97-9077	3	13.2324595	-52.654535
"Vicolo Licia, 6
26866, Vidardo (LO)"	Government social research officer	Luciani e figli	O-	FSNGDU49H65L145K	206	-73.098702	176.655018
"Stretto Impastato, 590 Piano 8
07022, Berchidda (SS)"	Advertising account planner	Crespi e figli	O-	FBRTTN74E41A097Z	532	-74.120269	-128.091535
	Risk analyst	Wheeler PLC	B+	016-48-7825	124	-67.043553	175.764512
山梨県千代田区下吉羽18丁目22番15号 アーバン睦738	救急救命士	松田銀行株式会社	B-	795-80-3365	566	24.2201515	-66.606116
"Praia Ana Luiza Rocha, 44
Guarani
57742361 Duarte de Goiás / MS"	Designer de produto ou desenhista industrial	Barbosa	O-	47210853626	118	-11.0989155	167.719049
"Strada Farnese, 26
08018, Sindia (NU)"	Designer, blown glass/stained glass	Vidoni, Golgi e Norbiato e figli	O-	FNTGMR24T64F200A	725	17.9115365	93.224021
"Edeltraud-Niemeier-Straße 2-1
60392 Jüterbog"		Ortmann OHG mbH	B+	458-10-0328	166	69.433222	14.810351
"Hörleweg 1837
63032 Sigmaringen"		Döhn AG & Co. OHG	AB+	846-22-0738	287	-63.402976	-1.760771
和歌山県中央区幸手26丁目20番13号 シティ上広谷661		合同会社山口農林	B-	193-25-0884	267	56.769753	116.728726
山形県北区松石37丁目22番11号 二つ室コート303		山下電気株式会社	AB-	224-45-0744	342	-82.79577	167.127061
"Schulzgasse 45-41
47079 Zerbst"	Erzieher	Lindner Martin KGaA	A-	720-73-2235	475	-36.9273805	156.933278
		Cadorna, Semitecolo e Pedrazzini Group	B+	ZNIRCC32D63F377O	388	-44.13795	169.568541
"PSC 9845, Box 4517
APO AP 58095"		Abbott-Sutton	B-	504-89-1548	98	23.3911775	-25.269733
"Meinolf-Jäkel-Allee 7/3
99347 Auerbach"	Altenpfleger	Anders	B+	383-21-2480	319	-7.3336235	-108.906935
兵庫県多摩市日光32丁目1番2号 パレス猿楽町224	漫画家	有限会社山本銀行	A-	131-94-7875	131	-65.894075	-60.551181
"Vicolo Oreste, 18
25041, Erbanno (BS)"	Translator	Bacosi-Bocca e figli	O-	TSCGLT02C03F506K	542	-25.724801	106.90961
鹿児島県港区芝浦3丁目13番16号		加藤通信有限会社	AB-	692-27-7844	253	-59.032128	-3.432771
長野県国立市港南16丁目18番18号 浅草パーク743	エステティシャン	有限会社藤田運輸	A-	212-04-4090	211	-26.9166685	77.64272
福島県板橋区大中24丁目9番9号 クレスト虎ノ門虎ノ門ヒルズ森タワー075		佐藤ガス株式会社	AB+	335-76-3211	60	47.3843625	18.358202
		Sales da Mata - EI	O-	30514697857	58	53.862857	-35.188667
"Antonios-Neureuther-Allee 78
65013 Feuchtwangen"	Polizist	Kade	A+	664-62-5335	299	-17.595434	147.492032
"Alameda Fogaça, 4
Bandeirantes
57986-931 Almeida de Montenegro / SC"		Pires Silva Ltda.	B+	62018543989	184	51.271156	-177.858197
"Stretto Antonia, 67
20065, Inzago (MI)"		Grasso SPA	O+	CSGRND60H65L388S	64	-81.970673	32.936903
		Zito-Castiglione SPA	B-	MTLRMD26P47I442K	469	-67.1412155	-164.24557
"Incrocio Dino, 58
39040, Albions (BZ)"	Administrator	Interminei, Donati e Russo e figli	O+	PTRRMN88L02B531B	527	-0.194868	47.480089
"Stretto Coriolano, 54 Appartamento 95
42021, Barco (RE)"		Pavanello-Verdi e figli	B+	FRRRMI73C05C956G	637	72.538408	80.562918
		Camacho PLC	AB+	778-67-4826	539	18.7881075	49.474789
"16445 Elizabeth Squares
Lake Jonathanview, WA 46457"		Henry, Castaneda and Campbell	O+	888-14-7842	297	-49.1280515	-80.929362
"Fazenda de Abreu, 47
Marmiteiros
94749357 Pires / SE"		Costela - ME	B-	30526741961	458	-46.317136	110.495719
"Trevo Abreu, 99
Ápia
04227-154 Barros de Rezende / PE"	Engenheiro industrial	Cunha	O+	39275148619	383	-36.553889	-22.394581
宮城県西多摩郡檜原村五味ヶ谷8丁目7番2号 シティ高田馬場286		株式会社山口建設	AB-	080-52-6555	698	55.909656	157.289408
"Alameda Vargas, 4
Itapoa
65553659 Melo de Minas / PI"		Pacheco	B+	40852716362	536	5.8506565	-52.126345
		Cavalcanti Dias - EI	O+	98546073139	581	82.073214	142.921646
"Quadra de Silva
Pongelupe
82619-310 Moreira das Pedras / RR"	Trompetista	Monteiro - EI	AB+	12509736868	393	-15.037012	-149.673609
"Steffi-Keudel-Platz 63-18
09873 Gelnhausen"		Trubin AG & Co. KG	B+	937-87-6890	130	-29.4759535	-7.891464
"Incrocio Clelia, 4 Piano 0
89819, Monterosso Calabro (VV)"		Martucci s.r.l.	O+	CTNNTN17H14D983B	124	61.904226	-28.470145
		Kallert e.G.	O+	776-26-5305	756	75.8602035	-130.325086
"Rodovia Ana Luiza Rocha, 60
Pompéia
25578-872 Caldeira Verde / BA"		Silva	O+	23069817521	156	-49.169969	-90.719897
"Via Matteo Cavalcante, 44
Jaqueline
66111-303 Jesus de Porto / TO"	Pedreiro	Novais	O+	90732645883	423	66.9189705	22.189729
"Unit 8583 Box 8323
DPO AP 96876"		May-Smith	O+	636-93-0315	614	-40.4743195	146.08424
奈良県武蔵野市東浅草5丁目13番14号 丹勢クレスト158	アニメーター	合同会社松本建設	AB+	892-28-5554	31	13.782291	-0.856011
	Forstwirt	Striebitz GmbH	O-	730-74-7474	680	42.964323	-47.560892
三重県福生市外神田39丁目21番18号	司法書士	有限会社長谷川保険	AB+	520-51-5170	474		
京都府袖ケ浦市麹町17丁目25番18号	寿司職人	合同会社山本水産	O-	105-69-1436	120	51.965991	-5.15712
"Heydrichstraße 8
80587 Bremervörde"		Kroker Gerlach GbR	A+	607-09-5796	551	60.061252	14.307242
"Zoran-Seidel-Weg 3
61181 Tecklenburg"	Schornsteinfeger	Ackermann Vogt OHG mbH	B-	922-43-6798	695	-28.257338	-61.700701
	介護ヘルパー	株式会社太田通信	A+	104-28-1585	411	15.459942	-53.498387
長野県長生郡一宮町秋葉原24丁目18番15号 戸島コート044		三浦情報株式会社	A-	200-42-6236	179	-28.793586	50.147879
愛知県杉並区木立29丁目22番19号 三ノ輪コーポ610	大学教授	中村食品株式会社	AB+	254-64-4489	667	20.3742345	140.276842
		有限会社高橋保険	A-	352-66-8239	608	6.046961	164.715528
兵庫県印旛郡本埜村湯宮27丁目18番9号 パレス藤金156		株式会社山口食品	B+	236-92-7929	644	-79.746502	-142.968657
"Rita-Becker-Ring 740
97202 Ahaus"		Junken	A+	721-65-5850	324	32.6679215	175.338376
青森県富津市渡辺40丁目17番12号 アーバン上広谷820		田中印刷株式会社	O+	007-70-5197	750	-27.3937695	165.154601
神奈川県横浜市瀬谷区百村12丁目6番19号 パレス丸の内ＪＰタワー367		高橋通信合同会社	B-	764-78-5051	660	59.15205	7.27564
徳島県長生郡長生村虎ノ門虎ノ門ヒルズ森タワー19丁目4番1号 箭坪シャルム264		合同会社佐藤通信	AB+	228-36-6872	497	78.7937375	-43.195112
島根県西多摩郡檜原村四番町9丁目16番16号 コーポ氏家新田057		株式会社村上ガス	AB+	654-42-4145	608	-23.001926	-162.406948
"Praça Aparecida, 9
Vila Nova Gameleira 2ª Seção
98007-569 da Cunha / BA"		Abreu e Filhos	O+	08459163784	38	79.8983795	120.273613
"Canale Veltroni, 80
63066, Ischia (AP)"	Engineer, manufacturing	Cossiga, Forza e Scaduto e figli	A+	FNTBRC14R26L464L	189	-22.445575	-59.179467
"Lago Agatha Ribeiro, 38
Miramar
80222-914 da Mota / MT"		Aparecida e Filhos	A-	74518092341	428	14.842372	-31.030501
"8937 Craig Islands Suite 909
East Jessica, MI 09952"		Perez, Carrillo and Grant	O-	162-11-0134	91	24.7530795	11.392447
	Winzer	Wiek GmbH	B-	011-61-6002	805	-58.7520255	156.379048
"Viale Gangemi, 6
23862, Civate (LC)"		Bova-Ginese s.r.l.	B-	SGNSLS82E49D865S	167	-14.809779	-53.911869
"Eigenwilliggasse 38/46
26429 Rathenow"	Polizist	Rörricht Täsche Stiftung & Co. KGaA	O-	179-28-0287	596	-75.887252	-165.325651
"Vale da Cunha, 96
Mangabeiras
26939-444 Barbosa do Norte / PI"	Fisioterapeuta	Vasconcelos das Neves S/A	AB-	65081423726	368	-7.5585855	153.243716
"9894 Melinda Parkway
Port Barryton, FL 04635"		Parsons-Savage	O-	810-34-6563	362	47.920396	-22.717941
岡山県川崎市川崎区西川26丁目16番5号 アーバン明石町925	エンジニア演奏家	山本保険有限会社	AB+	651-12-3996	546		
神奈川県横浜市西区渡辺39丁目1番4号	測量士	吉田食品有限会社	B+	481-65-0231	490	50.826988	-122.489613
"Heintzegasse 2-5
40698 Coburg"		Hermighausen	B-	916-99-6432	704	-48.9693635	-0.420823
"Contrada Troisi, 93 Appartamento 42
47034, Forlimpopoli (FC)"		Semitecolo SPA	AB-	GRGFRN46P64H610A	279	-57.8259695	-64.259347
"Wendestr. 884
16786 Steinfurt"	Pilot	Gierschner Seip GmbH & Co. KGaA	B+	962-89-6511	520	84.9837225	109.019815
"Esplanada Pires, 70
Confisco
22598-638 Fogaça Verde / AL"		Vasconcelos Ferreira - EI	B+	27049316580	166		
"Contrada Montesano, 78
09022, Lunamatrona (SU)"		Saragat Group	A-	SFFLCN62R48F196G	263	-80.330533	68.073949
宮城県新島村東大和町17丁目3番12号	大学教授	池田保険有限会社	B+	701-86-7179	18	-67.3956535	-141.312227
"Via Ludovisi, 5
48100, Madonna Dell'Albero (RA)"		Trillini-Tutino e figli	B-	CSNRMO86M70G153F	617	-16.7650935	-76.986769
	公務員	合同会社井上ガス	O-	337-27-3974	452	46.354546	-73.705755
"Alameda de Cunha, 621
Conjunto Minas Caixa
52335-687 Fernandes Paulista / MG"		da Mota	AB-	25074839629	29	10.342243	35.273764
"Avenida de Cunha
Conjunto Capitão Eduardo
56046-091 Carvalho Verde / ES"		Cardoso Viana - EI	O+	87025496383	743	26.93864	-6.836653
"Leonard-Dussen van-Gasse 1/6
00411 Stadtroda"		Pölitz Stiftung & Co. KGaA	A-	179-20-3087	549	0.2091325	-170.832347
大分県山武郡芝山町豊町22丁目9番1号 ハイツ津久戸町187		株式会社長谷川鉱業	O-	346-53-2284	306	49.587784	37.7554
青森県神津島村西関宿23丁目13番7号 虎ノ門虎ノ門ヒルズ森タワーアーバン523		森保険合同会社	O+	162-46-5187	361	-59.670869	75.386637
"Antoinette-Bolzmann-Ring 7/9
97426 Hammelburg"		Börner	AB+	866-57-6876	217	-1.550479	-21.831261
青森県御蔵島村松が谷4丁目18番8号 中川崎クレスト562		有限会社岡本通信	A+	040-10-3324	432	67.043646	0.584452
"Ladeira Lara Camargo, 46
Vila Rica
17403470 Freitas da Praia / RR"	Contabilista	Aragão	O-	70329815695	325	-29.276671	-97.165144
"Karl Heinz-Briemer-Straße 9520
50870 Haldensleben"		Meister Röhrdanz GmbH & Co. KG	O-	631-14-4691	678	56.305834	118.113242
		Saragat Group	A+	BGOBNN19P58B697Z	705	-47.0971585	-6.449439
"Ann-Kruschwitz-Straße 9-4
02941 Schlüchtern"	Mathematiker	Pärtzelt AG & Co. OHG	AB+	416-03-3599	736	8.1244845	-9.7842
"Trecho de Câmara, 74
Vila Bandeirantes
92614732 Costela Grande / RN"	Cumim	Martins Brito Ltda.	A-	02548936198	119	-73.3813135	-90.89615
	営業	佐々木食品株式会社	AB+	753-34-5709	632	74.6819155	-127.763253
"9461 Stephanie Gardens Apt. 084
South Julian, MH 52230"		Knight, Cook and Greene	B+	651-65-7780	237	85.035196	84.859198
"Contrada Cirillo, 10 Piano 0
64024, Guardia Vomano (TE)"	Television production assistant	Amato-Salvemini e figli	B-	CLVLCI34M29F697S	74	8.948894	177.737996
"7159 Cynthia Summit Apt. 446
Brianmouth, WY 17323"		Woods, Martin and Fields	A+	313-68-1825	408	-3.75288	-114.194866
		Lindner Häring e.V.	AB+	457-11-9396	7	6.3645525	-72.124343
"Losekannallee 81-56
00320 Bad Freienwalde"		Röhricht	B+	485-53-0546	588	70.3018115	22.074712
"Piazza Michelotto, 119 Appartamento 0
01016, Tarquinia (VT)"		Asmundo-Nicolini e figli	A-	LRDRSR35D69C278X	743	-0.5057385	-82.068604
"Contrada Liana, 5
24027, Nembro (BG)"		Buscetta e figli	AB+	FRRMRN80B12C246S	709	57.9460345	-136.297768
"Reinhilde-Stroh-Allee 27/83
28239 Hamburg"		Tröst Hofmann Stiftung & Co. KG	A+	729-60-0269	19		
"Schenkring 91
47859 Soest"		Graf Steinberg OHG mbH	AB-	957-72-6284	698	-41.158583	-124.605766
"36404 Mccullough Green Apt. 613
West Gregoryland, WY 56835"		Brooks Inc	O+	499-01-9507	483	46.707177	128.106998
"Praia de Silveira
Vila Copacabana
78605-300 da Cunha / GO"		Ribeiro - ME	B-	64379820556	678	79.451069	-113.460319
石川県利島村中三依21丁目3番8号		阿部ガス株式会社	O-	560-33-4323	236	-27.3119965	-121.718081
新潟県横浜市西区津久戸町27丁目12番11号 クレスト明石町214		高橋情報合同会社	B+	029-04-8677	11	-36.954593	51.730412
"Holtstraße 36/86
48770 Rehau"	Pfleger	Winkler AG	AB-	468-38-5351	422	-48.340275	18.274703
"Yasemin-Geisler-Straße 4-2
44446 Forst"		Hentschel KG	O-	621-70-7415	639	66.382781	79.051352
"05983 Lisa Squares
Campbellburgh, MS 46912"		Moore-Eaton	AB+	761-56-7808	449	-37.03654	141.637973
新潟県葛飾区浅草38丁目8番8号		渡辺食品株式会社	O-	307-25-7029	266	18.491616	127.820443
千葉県川崎市多摩区細竹9丁目20番14号	アナウンサー	合同会社高橋情報	AB+	770-05-5087	549	75.026915	165.484989
"Loteamento de Guerra
Monte São José
49713166 Andrade / MA"	Lixeiro/Coletor de lixo	Andrade Lopes e Filhos	A-	81352097621	676	48.3263425	151.434487
"Ditschlerinallee 1-8
56350 Suhl"		Süßebier Reising KGaA	B+	037-59-1886	274	12.8516825	101.779672
"5366 Christine Mission Suite 974
Lake Savannah, TN 04457"	Operational researcher	Sullivan, Simmons and Crawford	A-	830-81-5215	555	-85.5482345	143.638175
"Parque Gael Henrique Barros
Concórdia
50604-882 da Luz Grande / MA"	Mecânico	Jesus - ME	O-	64305729865	222	49.5002995	158.286839
		Ferreira Freitas - ME	O+	89130627559	396	24.068109	142.409312
"Ritterstr. 47
67943 Ebermannstadt"		Heuser	AB-	469-30-2357	661	-45.8119835	103.647721
		Lopes Mendes e Filhos	AB-	29748063178	596	17.72853	-127.146456
"Incrocio Segni, 426
30125, San Polo (VE)"		Michelangeli-Pizziol s.r.l.	AB+	NGSLSU47B10F100B	223	16.4719255	142.328746
"Favela Fogaça, 22
Nova Vista
46614616 Borges / PI"		Siqueira - EI	O+	26451389773	451	-75.726781	-172.445105
千葉県長生郡長柄町油井1丁目16番1号		有限会社斎藤鉱業	AB+	086-57-6873	189	-36.5029095	175.412058
山梨県川崎市多摩区富久町30丁目19番9号		合同会社長谷川建設	O-	522-49-3279	747	-17.5165915	153.147102
"94898 Glass Fall
South Heather, FM 92907"	Make	Wiley, Smith and Green	A+	714-07-1878	789	52.382692	16.055405
鹿児島県葛飾区西浅草21丁目23番5号		近藤鉱業合同会社	O-	784-62-2083	204	7.76157	-20.048319
秋田県山武市西浅草7丁目9番17号		合同会社岡田ガス	AB-	606-93-4710	634	-58.713121	125.070221
東京都横浜市西区津久戸町16丁目27番5号		株式会社清水鉱業	O+	454-19-7381	28		
岐阜県御蔵島村油井11丁目24番10号		合同会社高橋銀行	A-	085-57-5129	291	-30.9580785	-122.885045
"Ladeira de da Rocha, 62
Santa Cecilia
84661274 Freitas / DF"		Fernandes Correia S.A.	AB-	69854273164	198	-56.080464	3.813015
千葉県八千代市卯の里2丁目9番15号 三ノ輪アーバン087	気象予報士	合同会社田中鉱業	O-	562-13-6657	743	16.652402	129.829409
		Taylor-Schaefer	A+	004-35-4868	425	-23.2539005	-124.75672
"Bogdan-Wulff-Platz 518
12799 Ebern"		Zimmer	AB+	589-17-6081	604	89.9867485	-178.250627
"Raisa-Heß-Straße 0
95841 Füssen"		Wähner Beier GmbH & Co. OHG	AB-	284-31-4877	130	55.10381	23.935935
茨城県小笠原村油井28丁目6番8号 西浅草パーク299		中島運輸株式会社	B+	346-01-4902	554	-4.6516695	-31.100418
"6515 Cole Greens Suite 263
West Markshire, NM 86873"		Oneal, Stephens and Young	A-	135-79-0335	430	42.028006	132.433432
"Pátio Fogaça, 501
Vila Pinho
65881-879 Costa do Sul / AM"	Alfaiate	Abreu S.A.	AB-	01469875357	123	23.189994	9.729175
"Feira Siqueira, 43
Olaria
49951358 Castro de Costa / AP"		Moreira Caldeira - EI	B-	31025486790	272	-47.0381755	-170.345309
	Personal trainer	Macedo e Filhos	AB+	82976104387	731	-34.069199	170.880232
	ウェディングプランナー	株式会社佐藤情報	O+	473-19-1331	214	-88.937856	150.490102
"89431 Velazquez Prairie Suite 209
Alexanderfort, ME 24360"		Jackson and Sons	AB-	513-43-2771	428	-59.2505375	29.316173
大分県横浜市港南区前弥六南町27丁目27番11号 シャルム平河町028	映画監督	西村通信株式会社	B-	452-96-6609	260	59.1048785	50.311233
		Pace Group	A-	BJMSPH80R31B400S	615	-35.615564	-95.090264
"Rotonda Orlando, 388 Appartamento 67
73038, Spongano (LE)"		Ricciardi e figli	O+	SRNDNT01S65A270H	293	-22.889873	-86.159841
宮城県昭島市前弥六15丁目18番10号		合同会社藤田電気	AB+	661-60-7954	19	-16.586229	-14.430747
"Stiffelstr. 4/2
68130 Roth"	Drogist	Gotthard	A+	602-47-7254	368	86.0651215	-116.278874
"Vale Marcela Borges, 872
Vila Santa Monica 1ª Seção
89220-288 Machado dos Dourados / ES"	Engenheiro agrimensor	Gonçalves	B+	80642517967	796	83.280357	50.291265
		Pinto	A+	23189450633	489	-6.7775995	-62.677592
"USNS Wells
FPO AP 18143"		Berg Ltd	AB+	011-56-7159	185	67.2681925	-62.442795
"238 Solomon Mission
New Connie, IN 83567"		Page Group	B-	879-31-0898	79	-26.7370385	175.651048
"20143 Shawn Mountains Suite 305
Navarromouth, CA 14503"		Graves, Henry and Knapp	B+	453-16-8790	779	-84.5200265	-132.002193
"Rotonda Orazio, 87 Piano 8
64026, Montepagano (TE)"		Bassi-Gualandi e figli	AB-	PNNMRA58H11C729H	601	89.700509	-135.28876
"Piazza Nina, 44 Appartamento 2
89900, Porto Salvo (VV)"	Designer, ceramics/pottery	Galilei Group	A-	BRNSRN16A25C045O	596		
"863 Alexander Pine
Millerborough, AZ 24757"	Operational investment banker	Price, Smith and Hernandez	AB+	716-02-9265	592	-77.1890635	-39.780191
"Piazza Bosio, 67
10063, Pomaretto (TO)"	Secretary/administrator	Berlusconi Group	B-	TRCCRN81B24M404Q	412	-39.9859115	-40.11687
"Harold-Täsche-Ring 2898
67921 Oranienburg"		Stadelmann GbR	A-	475-90-5140	747	74.7903485	-123.789287
"Stretto Serafina, 34
20137, Milano (MI)"	Cytogeneticist	Cantimori-Piccinni Group	O+	GLPFBA44E49L643O	552		
"Canale Ippazio, 962 Piano 1
55045, Capezzano (LU)"		Notarbartolo, Sagese e Boccaccio Group	AB-	CMLPLN11R15A552V	178	59.216768	-12.811321
"Incrocio Adelmo, 76 Appartamento 6
57121, Livorno (LI)"		Montesano-Palazzo Group	AB-	RBRRNL40A16B553N	509	23.1536985	21.945183
"Karl-Werner-Dobes-Ring 285
02458 Schwäbisch Hall"	Ausbaufacharbeiter	Scholl	A+	391-11-8162	730	8.662279	94.060597
"Incrocio Galasso, 86 Piano 0
23818, Pasturo (LC)"		Metella-Santoro SPA	AB+	LXRFRC43T22M423J	311	-29.0250915	-177.129506
"Langernstr. 76/20
93535 Hansestadttralsund"		Gunpf Misicher AG	B-	644-62-5663	727	76.6901365	-179.207484
	Chemikant	Kroker Kruschwitz OHG mbH	B+	434-52-3544	792	-68.1506895	153.097036
"Ladeira Aparecida, 82
Vila Vista Alegre
71694-238 da Paz / PA"		Moraes Viana S.A.	O+	70385261462	227	-50.1914335	35.246184
"Aumannplatz 0
82475 Roding"		Förster AG	O+	316-97-4826	65	-66.7737995	33.068308
"Feira Fernandes, 26
Unidas
38378240 Oliveira Paulista / MA"		Cavalcanti Marques Ltda.	O-	85076291302	261	-50.587063	7.35622
山口県横浜市南区丹勢7丁目25番14号	花火師	株式会社長谷川鉱業	O+	577-83-1752	438	-72.2984465	-100.724775
"132 Bianca Heights
Martinezview, NH 16133"		Garcia-Curtis	A+	148-97-1195	320	28.438776	-33.400206
"Recanto Maysa Guerra, 37
Tiradentes
67966-299 Gonçalves / TO"		Pimenta - EI	AB+	19074365299	546	73.9225065	-46.421409
"Stretto Sabatini, 69 Piano 6
16142, Genova (GE)"	Ambulance person	Giolitti, Granatelli e Saracino s.r.l.	A+	CLLNNS79A21C749O	307	10.497464	36.168249
"Stadelmanngasse 43-53
96175 Dessau"		Drub GmbH	B+	382-05-1234	346	61.464846	-54.668448
鹿児島県江東区手岡41丁目3番14号		合同会社藤井銀行	B-	230-27-7522	86	-47.938423	10.778002
佐賀県八街市無栗屋11丁目3番14号		合同会社伊藤農林	O+	582-52-0621	120	-26.522716	112.484773
"Jopichring 57
89750 Luckenwalde"	Koreanistiker	Scheuermann GmbH	A+	784-10-4830	28	71.311794	-128.034709
岩手県夷隅郡御宿町平須賀37丁目25番14号 パーク元浅草179		田中農林有限会社	AB+	109-11-2293	478	-38.736068	-137.229752
		Sommaruga Group	A+	GDDCHR25S10B771G	316		
		Gehringer Klemt GmbH	B-	036-23-7350	623	-69.2732955	24.316604
"Daniela-Binner-Weg 60
45262 Mellrichstadt"		Bonbach KG	O+	679-62-5735	332	-10.283869	-88.328588
"7387 Avery Stream Suite 772
North Tammy, WA 29006"	Licensed conveyancer	Weeks, Wilson and Weber	A-	403-97-5073	345	79.538726	162.024558
"Fernando-Klemm-Weg 6/1
18157 Brand"		Beier e.G.	B+	724-24-7061	666	-52.0584225	7.998984
"Yasemin-Schottin-Weg 799
14337 Neunburg vorm Wald"	Chemikant	Kraus Hein GmbH & Co. OHG	AB+	521-63-6612	804	-46.151965	136.011068
"Strada Angelo, 10
71033, Casalnuovo Monterotaro (FG)"	Nature conservation officer	Gioberti-Malenchini e figli	A+	PVNRMN60A24L327A	125		
"Travessa de Andrade, 4
Serra Do Curral
01570142 Teixeira / SC"	Mecânico	da Rosa - ME	O-	39105486289	207	-71.7252415	-2.714674
"Morro Henrique Ferreira, 60
Vista Do Sol
32914-784 Aragão / PI"	Instrumentador cirúrgico	Mendes	B-	60982435738	222		
"Krausering 7/6
59577 Zossen"		Langern Rudolph Stiftung & Co. KG	A-	532-02-2041	3	51.0768885	-146.471511
"3604 Sanders Divide
New Megan, OR 25640"		Bell, Ramos and Warner	B+	557-76-2404	509		
茨城県四街道市明石町23丁目9番20号	救急救命士	有限会社鈴木情報	B+	408-12-7490	670	75.1406255	16.65844
富山県白井市渡辺2丁目17番18号 コーポ蟇沼166		有限会社山田運輸	A-	035-27-5036	523	-89.53657	-142.38452
"Canale Cipriano, 94
09086, Samugheo (OR)"		Emo Group	AB+	MNNPLA81E01A959Q	246	-18.275568	160.411252
"Ilona-Striebitz-Weg 5/6
01602 Lübz"		Hein	A+	874-09-9369	534	-80.7852115	96.935071
沖縄県大島町脚折15丁目19番1号 富久町ハイツ954	営業	太田食品有限会社	B+	763-83-7444	780	-42.755008	173.722427
	Psychologist, forensic	Haas-Burton	AB-	594-58-8901	764	54.3500475	-176.968232
"Via Moreira, 432
Gutierrez
02705-426 Rodrigues de da Cruz / GO"		Costela S.A.	O+	65281049720	159	1.739323	133.974249
"Incrocio Ettore, 54 Appartamento 1
71026, Deliceto (FG)"	Psychologist, sport and exercise	Mondadori, Corbo e Malpighi s.r.l.	B+	SCTLBT97D42D808N	720	11.17197	177.180289
		Giannetti, Trebbi e Frescobaldi s.r.l.	AB-	BRTTNF81E69E975U	220	-18.123209	-89.865876
		Textor AG	A-	029-61-3674	671	-1.143369	-172.274092
岩手県西多摩郡瑞穂町西関宿35丁目10番7号 パーク東大和町731	グラフィックデザイナー	有限会社松本情報	A+	673-21-3832	383	-87.4601515	1.329791
"Jan-Rust-Platz 79/86
06778 Marktheidenfeld"		Kaul Hecker OHG mbH	O+	720-00-7064	620	-66.9469755	50.379333
"Piazza Trapani, 40
29029, Roveleto Landi (PC)"	Customer service manager	Pontecorvo e figli	A-	PLCVRC41M24G688H	349	42.037762	-156.587887
		Ungaretti-Visintini s.r.l.	A+	SFFLGU12P57I939A	785	-41.518693	-36.647622
福井県香取郡多古町西川20丁目12番15号 シティ西関宿399	建築家	池田運輸合同会社	AB-	804-23-1139	455	38.1137255	-14.226264
"Borgo Danilo, 639 Appartamento 26
09045, Quartu Sant'Elena (CA)"		Agostinelli, Fischetti e Catenazzi Group	O-	CBRNTL36P41I012J	190	40.186412	125.030801
"2170 Jessica Spur
Blairland, MS 60795"	Multimedia specialist	Brown, Hodges and Stanley	A+	291-31-7625	763	-82.4543245	-63.034534
東京都利島村羽折町41丁目13番8号 コート柿木沢144		有限会社山田印刷	AB+	895-84-0326	428	-9.6487855	-9.889423
"Salzallee 46-67
78681 Recklinghausen"	Mathematiker	Löffler AG & Co. KGaA	AB-	386-36-8196	686	88.387282	-89.126525
"Chácara Marcos Vinicius das Neves, 19
Vila Madre Gertrudes 1ª Seção
79544-465 Almeida / RR"		Barros	AB+	58103927414	1	-0.7212835	-149.543701
"Margot-Anders-Gasse 9-4
11259 Ravensburg"		Beckmann Jacobi Jäckel GmbH	A+	843-11-1780	4		
"Rotonda Tirabassi, 88 Piano 8
90017, Porticello (PA)"		Schiavone-Ferretti s.r.l.	AB-	LNRDLA29H21C137J	144	-69.7425135	178.270654
"Borgo Cirillo, 77 Appartamento 59
03035, Fontana Liri Superiore (FR)"		Collina-Dandolo Group	AB-	PCNPMP15D61B380E	501	-56.870747	3.292835
"Pátio Matteo Mendonça
Castanheira
83091-915 Machado de Cavalcante / GO"		Aparecida	O-	35469718255	725	25.8513885	21.903307
"Rodovia Fogaça, 39
Vila Havaí
39390565 Almeida / PI"		Nunes Jesus S/A	B+	54983612033	311	-47.46898	-104.275975
"93511 Anthony River
Lawsonview, OH 23076"		Copeland-Rodgers	AB-	134-35-7126	798	46.5046765	47.647483
"Alexej-Grein Groth-Gasse 31
66051 Geldern"		Kühnert Säuberlich GmbH	AB+	526-95-1076	566	49.827562	92.704147
"7766 Salinas Canyon
South Cindy, OK 08442"		Foley-Gutierrez	B-	670-91-9427	214	22.573357	123.63793
宮城県長生郡一宮町油井12丁目14番20号	お笑い芸人	坂本鉱業株式会社	AB+	161-27-3141	727	-85.8643305	173.243075
		株式会社藤井印刷	B+	720-89-6030	607	48.0959215	-174.210102
"Vicolo Fiorino, 75
28897, Fornero (VB)"		Ubaldi SPA	B+	GLLLCI86C31D671I	315	-87.963412	40.048438
滋賀県目黒区小入15丁目19番10号		佐藤農林有限会社	O-	736-55-4702	240	-73.5255575	30.464574
"Phillip-Geisel-Straße 6/4
10593 Soest"		Fiebig GmbH	O-	614-07-0148	674	-83.43396	-170.174814
"Borgo Lombardo, 4 Appartamento 9
12088, Lurisia (CN)"		Merisi, Branciforte e Leone e figli	B-	GRGLFA83L65D947F	395	-59.266177	56.67848
"Praça de Cassiano
Vila Tirol
21944-610 Farias de Goiás / PA"		Fernandes Jesus - ME	AB+	45213860915	222	-68.174065	36.435487
"Trubstraße 78/99
06560 Wesel"		Pohl Pärtzelt GmbH & Co. KGaA	A+	444-86-8387	185	17.73129	-156.107247
"4593 Linda Route
Lake Valeriefort, NE 82274"		Ross, Schmitt and Crawford	AB+	898-78-7451	476	53.051607	-169.988147
"62484 Burke Wall Suite 110
North Rodney, WV 93893"		Allen-Cruz	O+	259-14-9742	251	12.8746545	98.951461
"Ludmilla-Pohl-Gasse 2/1
60431 Eisenberg"		Adler Eberhardt OHG mbH	AB+	699-02-8599	300	71.701397	10.484137
"PSC 5080, Box 7762
APO AA 36692"	Ecologist	Macdonald, Jones and Sharp	O+	227-08-2839	778		
	運転士	有限会社村上電気	O-	792-99-0771	409	78.7126885	-133.090175
"Viale Amico, 28
57017, Nugola (LI)"	Journalist, broadcasting	Micca, Gaito e Donà e figli	O+	MDGLLN82R09D487V	672	70.480867	-152.579922
山形県印旛郡栄町渡辺6丁目9番17号 美原町コート724		林印刷合同会社	O-	113-52-3382	474	-59.079753	-175.841356
熊本県杉並区松石22丁目23番5号 氏家新田シティ761		斎藤通信合同会社	AB-	240-82-5853	617	79.8406455	65.954477
"Samuel-Briemer-Allee 7799
14927 Vohenstrauß"		Anders Schuchhardt KG	AB-	129-36-3022	800	30.753278	15.24036
"Herwig-Neureuther-Allee 25
04741 Lübeck"	Artist	Dietz GmbH	AB-	380-35-8953	490	34.3310825	-114.91212
"386 Lauren Street Suite 523
North Heatherland, WV 96052"		Reid, Martinez and Garcia	B+	492-61-0612	480	-30.968484	-140.643916
石川県長生郡長生村所野5丁目18番10号 シャルム浅草534	映画監督	合同会社石川食品	B-	660-08-9836	734	-27.7894165	13.585958
"Lindaugasse 5
02963 Eggenfelden"		Davids e.V.	O+	767-63-0745	51	-88.278317	-76.537837
鳥取県横浜市鶴見区太田ヶ谷16丁目15番5号 富久町ハイツ744		青木運輸株式会社	O-	262-72-6261	377	83.814254	105.29448
"625 Christopher Courts Apt. 341
South Laurenshire, KY 12038"	Risk analyst	Mcdaniel Inc	AB+	694-01-2217	201	17.395257	176.614829
"Buchholzweg 6-2
09717 Günzburg"		Reuter Metz OHG mbH	B+	707-78-5404	375	85.9639065	58.24779
"Norbert-Scholtz-Platz 3-4
50549 Bamberg"	Krankenschwester	Hartung Köster GmbH	O-	726-43-2672	560	-16.0098475	48.274329
"Canale Adelmo, 70 Piano 8
86045, Portocannone (CB)"	Programmer, systems	Jovinelli-Palazzo SPA	AB+	BNGLDC22C52A297X	623	47.645658	-127.006267
"Passarela de Oliveira, 7
Conjunto Califórnia Ii
46260-429 Rezende de Moraes / SE"		Barros Ltda.	AB+	41362057835	89	-6.7341235	-29.346964
"5377 Maria Island
Port Cynthia, LA 54474"		Montgomery, Brown and Fernandez	AB-	271-62-8958	496	-67.1282115	16.779701
"35583 Tyler Path Suite 468
Connormouth, OH 09781"		Cox and Sons	AB-	530-12-0760	242	11.485258	150.613765
"Trevo Marcela Pastor, 782
Marmiteiros
47674818 Macedo / CE"	Panfleteiro	Melo Gonçalves S/A	O-	18325740914	647	-51.2093295	-171.472819
"USCGC Kramer
FPO AE 71996"		Miller-Davis	AB+	686-98-8137	172	-64.813002	-67.287757
"Krokerweg 3
76024 Eisenberg"		Freudenberger GmbH & Co. OHG	A-	467-13-2384	331	23.838107	-79.042379
"Via Antonio, 686 Appartamento 3
74018, Palagianello (TA)"	Materials engineer	Cusano SPA	AB+	CBNMCL56S65A400K	723	59.165987	-81.446145
"Travessa Luiz Gustavo Siqueira, 57
Marilandia
05590-787 Pacheco / MA"		Aragão da Luz e Filhos	O-	84137560900	204	78.812695	-96.889572
"Winfried-Martin-Gasse 9/2
70049 Göppingen"		Neureuther e.V.	A-	430-44-8488	637	30.747609	-175.369362
沖縄県富里市湯本塩原8丁目10番4号		井上情報有限会社	O-	439-40-9168	617	32.302045	123.605464
		有限会社山崎農林	AB-	335-67-6382	62	-29.078479	143.12989
"USS Robinson
FPO AE 76864"	Engineer, manufacturing systems	Larson Group	B-	198-85-7561	583	50.6182395	-9.192265
"Liesa-Rörricht-Platz 5-5
69606 Mellrichstadt"		Ziegert GbR	O-	003-82-0065	765	43.8778365	44.51221
"Miriam-Scholz-Allee 5/6
60488 Naila"		Schuster AG & Co. OHG	B-	061-58-3490	397		
山梨県匝瑳市土呂部15丁目17番16号		井上通信合同会社	A+	187-61-1277	368	13.348396	-85.151721
"Rosa-Maria-Pruschke-Platz 9/3
85730 Melle"		Dehmel OHG mbH	B+	135-79-3098	358	62.874162	84.304286
"02282 Jonathan Grove
East Ericview, DC 07714"		Koch PLC	AB+	284-90-5076	748	-78.6570635	33.770872
"Carlos-Hesse-Allee 853
43403 Wunsiedel"	Fleischer	Weinhold	AB+	964-17-7289	330		
	アーティスト	有限会社阿部銀行	B-	224-38-7683	638	-81.2031585	155.230298
"123 Shaw Harbors
Andersonside, SD 94436"		Kirby-Ferguson	O+	018-79-0564	410	22.6610655	55.199868
"Striebitzstr. 4/3
25631 Artern"		Becker GmbH	A+	473-42-8917	513	-42.087534	-66.915019
"Feira Juliana da Mota
Apolonia
19790509 Sampaio / SC"		Carvalho	B+	85679043157	60	-37.9902665	-37.942049
"Stretto Natalia, 18
84045, Altavilla Silentina (SA)"		Cassarà, Cattaneo e Argurio s.r.l.	B+	BRZCRI58S48F188Q	154	-72.182398	34.200504
"Canale Sante, 86 Piano 5
25068, Zanano (BS)"	Engineer, communications	Romagnoli-Boccaccio s.r.l.	B-	BRNCLR37E60A175G	25	-44.0068605	138.597207
島根県印旛郡本埜村京橋8丁目24番3号 パーク港南586	ウェブデザイナー	石井情報株式会社	AB-	406-09-8252	308	79.190076	119.997426
"Borgo Ettore, 3 Piano 8
20822, Baruccana (MB)"	Press photographer	Rinaldi-Renzi SPA	O+	SMRDLS28S02D924S	182	-25.7667055	-103.50652
"Vila Ramos, 28
Serra
22114297 da Mota da Serra / DF"		Viana	A+	08312964533	515	78.3729175	156.852606
"Mahmut-Keudel-Platz 5
54992 Eberswalde"		Scholl Naser e.G.	O-	332-17-5155	496	5.1461395	-117.025008
	Oficial de justiça	Fogaça - ME	B-	19623758464	666	-25.894932	66.60798
"Dorothee-Köhler-Platz 16-34
00679 Hildesheim"	Winzer	Putz Butte AG & Co. KG	O+	302-11-5730	204	4.761709	94.732987
"Vereda Sabrina da Rosa, 60
Belvedere
19384105 da Luz Verde / PR"	Costureira	Viana S.A.	AB-	86170349557	72	35.344537	13.84618
"Piazza Mercantini, 385 Appartamento 65
38055, Tezze (TN)"		Catalano, Eco e Vidoni e figli	A-	FRNSRN35B21A295A	785	-10.317663	-69.340672
"63997 Hannah Cliff
Nielsenfort, IN 20831"		Pearson-Bryant	B+	030-58-5328	143	43.975334	172.496249
"Rotonda Giulietta, 8 Appartamento 80
28922, Verbania (VB)"	Licensed conveyancer	Sonnino, Caccioppoli e Germano e figli	AB-	PGNMLS68R30G030F	118	58.054575	-179.704185
愛知県御蔵島村長畑2丁目5番13号		山本運輸合同会社	B-	385-51-5098	56	76.79458	-80.452059
	Engineer, maintenance	Ward, Hamilton and Cook	A+	176-34-8574	204	0.4438905	116.741214
栃木県八街市二つ室21丁目12番3号 パレス筑土八幡町304	演歌歌手	岡田保険有限会社	B-	703-92-9748	553	3.9284135	-91.121945
		Solari s.r.l.	O+	TRVGRN12B46B378T	666	-9.711236	-72.980206
"Stretto Cibin, 27 Piano 6
61014, Montecopiolo (PU)"		Draghi-Trotta e figli	B+	RCCLRT10H16I016H	320	84.980329	165.41134
"Stretto Donato, 19 Piano 0
13848, Zumaglia (BI)"		Meucci-Raurica s.r.l.	B-	PRZDNL30E56C439S	621	87.6311105	-70.527229
"Hornichgasse 439
55811 Hünfeld"	Drogist	Harloff Holsten AG	A+	240-98-9133	240	-66.2336095	-90.790319
"Via Michele, 8 Appartamento 14
88833, Caccuri (KR)"		Cafarchia-Castelli SPA	A-	CSLTMT52M71E962D	102	-27.5363255	146.419253
"Vale Sophia Teixeira, 6
Vila Da Ária
69613603 Silveira / RR"		da Cruz Montenegro e Filhos	O-	91370542879	230	74.534278	143.367035
"Magret-Hölzenbecher-Platz 97
07153 Marienberg"	Mechaniker	Wagenknecht	O+	661-12-4512	253	68.182771	160.535619
奈良県中野区山中新田16丁目1番15号 上野桜木パレス566	モデル	有限会社清水建設	A+	258-51-7163	787	-46.1115105	66.968645
"Irmtraut-Butte-Straße 22-64
12271 Monschau"		Jähn Kade AG & Co. KG	O+	710-64-1240	215	48.0466195	-115.651231
		Gritti, Bellucci e Tarantini e figli	B+	RVGMSM61E60E259R	383	88.5193445	81.756731
愛知県新島村西神田9丁目25番4号	医師	池田銀行有限会社	A+	407-62-6602	515	-7.926448	100.496903
"Jardim Novaes, 49
Mala E Cuia
26696-137 Carvalho / DF"		Machado	AB-	95208341689	339	79.889087	56.032983
"Quadra de Monteiro, 534
Caiçara - Adelaide
91981427 Novais / PE"	Co-piloto	Novaes	O+	74152368071	311	83.1155885	98.287317
京都府山武郡横芝光町港南29丁目1番18号 シャルム一ツ橋813	裁判官	山口保険株式会社	B+	053-72-2256	549		
"Viale Sante, 7
00061, Anguillara Sabazia (RM)"		Tartini Group	AB-	SCRGLM43S05F517N	736	53.2789445	56.151253
佐賀県武蔵村山市浅草10丁目5番15号 東浅草アーバン688	配管工	有限会社山田建設	AB+	708-83-4050	130	-72.4984845	128.287642
"54719 Anderson Cliffs Suite 147
West Nicholas, CO 34522"	Nurse, mental health	Cannon, Cantu and Torres	A+	798-50-0574	273	11.5169445	-129.671308
"Parque Cavalcanti, 6
São Lucas
02641058 Monteiro do Amparo / SC"		Nogueira Nascimento - EI	O-	05271689476	322	25.1214645	-55.171795
"7435 Carney Neck
Gutierrezmouth, NY 43395"		Evans and Sons	O-	372-20-8335	485	-16.5991955	-54.214886
福島県横浜市都筑区蟇沼10丁目5番6号		合同会社斎藤農林	O+	619-93-9882	441	35.2735075	163.59172
"4011 Robert Tunnel Suite 318
West Jacobville, IL 46112"	Geochemist	Hanna Inc	O+	489-37-1772	529	27.178954	141.702623
"Strada Soranzo, 28
26037, San Giovanni In Croce (CR)"	Sales promotion account executive	Ligorio e figli	AB+	FRCMNC48B18E201L	649	-71.7300675	-37.569829
"Via Renzi, 449
24045, Fara Gera D'Adda (BG)"		Nugnes SPA	A+	RNSPRI90T44F779G	267	84.5875835	0.972816
岐阜県横浜市金沢区天神島19丁目26番3号 九段南パーク721		合同会社石川情報	AB-	849-43-7458	348	-79.129261	-155.66866
"672 Hernandez Burg
East Tracey, ID 43631"		Smith-Li	AB+	138-30-1262	499	55.824484	67.29961
"Birte-Schönland-Gasse 9-5
28325 Main-Höchst"	Bankkaufmann	Stroh Stiftung & Co. KG	B-	152-12-5205	207		
	ウェディングプランナー	清水情報株式会社	O-	125-13-1909	397	-6.3682155	132.691334
"Alameda de Rodrigues, 4
Madre Gertrudes
82754805 Monteiro do Oeste / PE"		Leão	A+	73820614508	329	-39.9956175	-168.759392
		Henry-Webb	B+	482-95-7535	492	-15.863131	-84.753015
"Setor de Campos
Caiçaras
32691-175 Siqueira / SE"		Cavalcanti	B-	82395071404	424	54.332969	76.457
"960 Sara Centers Apt. 548
Lake Roseburgh, UT 98507"		Nelson-Aguilar	AB+	464-09-6481	13	64.661116	77.218749
		Hatfield-Waters	AB+	539-82-1743	662	-54.583617	-12.153093
"Campo Porto, 83
Vila Dos Anjos
16965-954 Moreira / SC"	Navegador	Peixoto S/A	B+	16850329740	641	-14.513963	-10.555352
"Parque Novaes, 61
Nossa Senhora Aparecida
91057-317 Costela Verde / RN"	Lenhador	Mendonça	A-	30156947234	59	68.7763245	175.272109
"49121 Walker Stream
South Alan, MH 86363"	Horticultural therapist	Hicks Inc	O-	544-54-9020	690	5.383662	16.482654
"Magret-Schuchhardt-Allee 35/99
88393 Mühlhausen"		Gude Heintze e.V.	A+	879-13-3681	448	-7.128873	66.576613
"Matthias-Biggen-Allee 45-60
30930 Viechtach"	Designer	Matthäi AG	A-	285-71-1937	401	6.2550985	-85.348191
"Distrito de Moura, 55
Cabana Do Pai Tomás
93762105 Rocha Verde / MS"		Leão	AB+	75369810230	773	-46.7416295	160.025234
熊本県横浜市青葉区独鈷沢10丁目11番20号		合同会社田中鉱業	A+	008-31-4621	513	23.967331	-4.474848
和歌山県北区上野公園1丁目20番5号		渡辺ガス合同会社	AB+	234-91-5177	603	-82.599876	-155.696318
"64791 Shannon Tunnel Suite 972
Anthonymouth, PR 72643"		Clarke, Myers and Crawford	A-	585-17-7478	433	-18.301771	97.577068
"Drewesallee 4-3
45725 Holzminden"	Drogist	Rohleder KG	AB+	969-52-9894	297	-83.77007	100.965795
	Polizist	Trub	A-	512-39-9510	392	-55.4894735	39.295525
"825 Nancy Stream Suite 603
Marybury, PR 83914"		Morse Ltd	B+	105-06-1276	1	-16.5684615	30.448034
		Berger GbR	AB-	751-64-4366	175	58.639825	122.393185
和歌山県西多摩郡奥多摩町虎ノ門虎ノ門ヒルズ森タワー24丁目17番11号 パーク台場903		合同会社木村食品	AB-	882-83-6821	290	31.7681985	102.90046
"771 Gibson Port
South Kristine, KS 78304"	Seismic interpreter	Castillo, Floyd and Coleman	A+	133-93-9887	221		
	アーティスト	村上情報株式会社	A-	729-25-4496	150	-71.4103625	-19.687202
"Ladeira Cunha, 80
Milionario
89775-814 Rezende Paulista / RN"		Almeida	AB+	69174502867	548	45.455094	176.447118
"61749 Reed Parkway
Barnettburgh, MI 99156"		Mcbride-Preston	AB-	549-47-9208	144	-73.7382335	154.685702
"1765 Lauren Parkways
Port Dwayne, ME 90058"		Phillips, Sims and Mitchell	O-	440-98-4377	324	25.669955	-45.077299
	エステティシャン	伊藤建設株式会社	AB-	891-73-9039	655	-11.3063615	90.847374
"628 Hall Corner Suite 151
Lake Steven, DE 62999"		Roy-Smith	AB+	594-87-2034	721	46.903481	-36.568601
岡山県長生郡長柄町油井11丁目3番20号 アーバン上野桜木391		有限会社山口銀行	AB-	309-88-7713	194	64.343353	173.036837
"Krebsweg 29/54
92503 Eisleben"		Gunpf Gierschner AG	B+	861-54-5375	260	-35.551457	168.717262
"Hentschelring 51
29389 Bad Mergentheim"	Polizist	Mies Butte KG	O-	261-26-7609	377	-66.355632	-5.521404
"5574 Becky Dale
Lake Stephanie, NC 00665"	Manufacturing engineer	Bowen LLC	O+	175-57-7149	590	28.106357	-78.756154
"66202 Jennifer Springs Suite 272
New William, MA 80118"		Lewis Ltd	AB-	124-08-3005	703	-29.233267	-159.108444
富山県横浜市戸塚区中鉢石町36丁目22番6号 元浅草コート200		株式会社伊藤保険	O-	305-07-8529	244	-80.0116505	-63.15287
		Henschel GbR	B-	521-03-8396	254	70.764496	-156.3128
"68616 Michael Drive
Thomasport, AR 60908"	Civil Service fast streamer	Johnson, Williams and Macdonald	B+	391-19-9875	417	76.17676	163.703325
福岡県荒川区細竹9丁目26番20号		小林食品有限会社	A-	169-12-4379	713	26.012253	-153.439575
"Canale Gianna, 432
16030, Pieve Ligure (GE)"	Advice worker	Flaiano, Barracco e Golgi s.r.l.	B-	RSSLFA24E62H311C	561	-40.688711	154.060994
石川県横浜市都筑区油井40丁目12番6号 コート無栗屋689		田中農林合同会社	A-	815-08-9209	679	63.2585865	156.562134
"Rotonda Baggio, 168
36057, Arcugnano (VI)"	Surveyor, mining	Pincherle s.r.l.	B-	TRNNNZ83R11F729D	586		
広島県横浜市港南区皇居外苑19丁目27番13号 台東パーク912		有限会社小川農林	B+	162-51-2474	34	-46.0060125	121.369322
"Kati-Lange-Weg 6
32621 Calw"	Informatiker	Schacht e.V.	O-	638-07-3044	387	-31.6545255	35.021669
兵庫県山武市蟇沼39丁目2番14号 シャルム脚折町446		合同会社小林建設	AB+	604-76-0110	646	-50.989163	-70.476843
"81428 John Bridge
West Lori, MI 39050"	Engineer, agricultural	Knight LLC	B+	332-41-7254	622	5.2376935	-77.443135
"Feira de Cunha, 682
Capitão Eduardo
21609-740 Castro / ES"		Leão	A+	95608317203	77	-81.099618	23.477952
"Dietrich-Reinhardt-Gasse 8/1
64881 Angermünde"	Chirurgiemechaniker	Gieß	B-	974-38-4959	327	-74.669998	-42.220418
		Valguarnera, Palazzo e Trussardi Group	AB-	LTTSLO71S28I359J	434	74.015815	15.71079
"08054 Fleming Village Apt. 069
Obrienland, AZ 68154"		Duarte Ltd	O+	383-39-9849	756	14.027777	-76.356414
岡山県大島町外神田42丁目5番14号 渡辺パレス270		村上ガス株式会社	A+	576-93-6537	561	-52.88476	131.550137
宮崎県横浜市保土ケ谷区入谷29丁目9番10号 パレス横林724		渡辺銀行株式会社	O-	866-05-1878	583	48.989147	49.760926
"9878 Laura Roads
Reesechester, CA 87654"		Nguyen Group	O-	333-27-4662	178	-71.445083	-161.518485
		Payne, Harrison and Hanson	O+	215-83-0469	787	-36.376482	90.202349
"Via Musatti, 65
80136, Napoli (NA)"		Bottigliero, Martinelli e Novaro s.r.l.	O-	SGLNNS59L04M399B	56	58.0112255	163.059158
"PSC 1078, Box 2208
APO AA 37192"	Health and safety inspector	Barnes, Hughes and Wallace	O-	030-80-7129	527	-57.268811	68.843989
"Alexa-Käster-Gasse 1-6
39844 Döbeln"		Weimer Trapp GmbH & Co. KG	A-	510-63-7844	289	14.0115515	5.107612
		Spanevello-Cuzzocrea Group	A+	TNSPMN34L65H320G	619	69.423335	8.150945
		Rios Santos S/A	AB+	94670185357	26	-74.99208	46.185005
		Sollima Group	O-	CNNMLT15S57A427K	38	77.773741	-21.611919
"93942 Brown Ports Apt. 692
West Jeannemouth, KY 40437"		Swanson-Rodriguez	B-	576-89-8584	624	-85.767659	-107.42157
"39382 Collier Parks Suite 235
New Markton, OR 43465"	Lexicographer	Harper and Sons	O+	573-47-9257	349	5.836077	-102.70138
		Bruscantini, Bevilacqua e Cuda e figli	O-	PRSFDC21S48G643P	581	-47.5474525	100.537455
"Rotonda Elena, 4
46047, Sant'Antonio (MN)"		Benedetti-Caracciolo e figli	B-	PRZGRM69P64A817S	623	5.0389095	-117.149938
"Setor de Abreu
Fazendinha
71183765 Costa do Oeste / AM"	Lanterneiro	Almeida - EI	O+	87564029374	471	-1.038463	143.420914
"Condomínio de Martins, 45
Vista Do Sol
28278-591 Albuquerque / TO"		Nogueira Nunes Ltda.	A+	34528170671	400	-84.627782	137.82786
"Staudegasse 41/75
40967 Sebnitz"		Wiek	AB-	622-02-3737	4	19.5092015	-37.146933
		Dussen van AG & Co. KGaA	B+	198-91-1706	81		
"Loteamento de Cardoso, 75
Parque São José
44646328 Silva / MT"		da Conceição	O+	78126094567	336	53.2144975	-42.040117
石川県小笠原村平須賀10丁目7番11号	音響技術者	合同会社三浦建設	AB-	564-18-1880	660	25.4328845	104.489729
"Canale Vincenzo, 9 Piano 3
67049, Rocca Santo Stefano Di Tornimparte (AQ)"		Tarantino SPA	B-	CRCMNC61D15G149Z	799		
"Finkestraße 85-99
79401 Eckernförde"		Kitzmann Hethur KG	A-	571-50-8184	531	39.7343335	92.687352
		合同会社小林電気	AB+	286-87-6409	78	-15.6320955	51.802367
"Parque Thiago Gomes, 7
Horto Florestal
00836948 da Cunha Grande / SC"		Caldeira - EI	AB+	62501379802	595	41.3052675	-64.87633
"Inna-Gorlitz-Ring 638
05516 Sulzbach-Rosenberg"		Christoph KGaA	A+	106-22-4710	76	-40.76783	-20.797483
	Hotel manager	Pederiva-Liverotti Group	A+	CSRPNL95S70E445X	686	-88.3466115	98.571711
"32727 Joseph Views
Port Robertbury, WA 40935"		Austin-Stewart	O-	146-33-1310	799	2.3970885	-127.442139
"Zofia-Gotthard-Weg 27/99
72437 Altötting"		Ruppersberger Eigenwillig AG & Co. OHG	O+	510-76-4002	6	-17.506701	31.012668
"Keudelring 75
56558 Brand"		Schwital Zahn AG & Co. KG	AB+	138-18-7533	598	-47.596677	-150.966461
"Canale Vito, 496
47039, Savignano Sul Rubicone (FC)"		Barcaccia, Casellati e Gianinazzi SPA	AB-	LBNGNN43P05D102W	531	-67.9083235	115.368307
"17620 Patricia Manor Suite 044
Onealfort, VI 40786"		Holland and Sons	O+	488-66-6808	168	42.376255	144.106725
		Ditschlerin Röhricht AG	O-	787-19-1373	775	21.030927	40.161453
		Faggiani, Verdone e Fattori Group	B+	ZCCGGL16C60A238D	306	-79.977045	-83.494457
石川県利島村虎ノ門32丁目8番15号 コート権現堂772		有限会社福田銀行	B+	236-60-4980	536	48.526752	-140.960594
"Beierstraße 48-14
17537 Jena"	Drogist	Gerlach Wohlgemut AG	AB+	930-59-8090	498	-77.3412745	-140.891738
"Borgo Virgilio, 99 Appartamento 61
98139, Briga (ME)"	Scientist, product/process development	Brambilla-Casarin Group	A+	BSSRZO20S48A796J	13	-26.378019	-107.659315
"Babette-Schaaf-Platz 7-3
17370 Beilngries"		Salz Stiftung & Co. KGaA	O-	952-16-0220	179	56.707701	103.226419
"Wulfgasse 29
53973 Passau"		Anders	B-	150-14-7738	62	23.3756715	-166.867032
"Werneckestr. 3018
25931 Stendal"	Forstwirt	Roskoth	B-	509-76-6424	122	70.021739	-65.73014
"Cäcilia-Losekann-Allee 7-2
57721 Mettmann"		Conradi GbR	O-	850-26-5839	454	30.1528675	-176.784811
"Rotonda Viola, 4
09127, Cagliari (CA)"		Nicolini-Grifeo Group	AB-	GRMLNR89S15A290L	301	52.8778635	9.498735
"Rotonda Boito, 699
70019, Triggiano (BA)"	Engineer, site	Ovadia SPA	AB+	BRRRMN44M06E289B	459	9.129125	-25.479473
鳥取県青梅市富久町25丁目14番18号		山田電気株式会社	O-	729-76-9901	163	-0.5372065	-129.830657
"217 Amber Tunnel Apt. 445
Williamport, NH 14200"	Magazine journalist	Lopez, Chandler and Mann	O+	846-78-3252	285	56.1057295	-118.660557
"Hellwigstraße 2904
05254 Kitzingen"		Junck	O-	967-08-1757	175	31.977309	166.042755
"Viale Giacomo, 50
89015, Palmi (RC)"	Presenter, broadcasting	Venditti SPA	AB-	CNTGMM83E02A821V	321	6.240989	78.475158
"Vila Noah Albuquerque, 71
Laranjeiras
26591-136 Melo / PA"		Correia Ltda.	B+	86039245700	64	-48.419038	-63.099371
"Lagoa de Novaes, 69
Vila Jardim Montanhes
01226037 Viana / AP"		Jesus	B-	86340219551	345	9.198317	-100.727817
徳島県我孫子市日光36丁目27番14号 アーバン柿木沢179	医療事務員	株式会社中島通信	AB+	597-15-7123	328	8.154641	154.359972
徳島県渋谷区前弥六南町32丁目11番9号		株式会社中村保険	A+	705-07-1573	378	7.352537	116.701965
"Viela Pinto, 612
Floramar
45454656 Ribeiro / BA"		Azevedo	B+	06231845753	747	32.5263215	-170.215367
"Morro Martins, 70
Lagoinha Leblon
82404021 Santos / AP"		Barros	B+	24817603526	399	-15.610834	155.000809
"Haufferring 93-98
20066 Soltau"		Peukert	A+	417-46-8905	27	-2.489528	-47.205443
		Ehlert GbR	AB+	173-96-7313	767	67.771347	-80.892119
"USNV Rodgers
FPO AA 60648"		Le-Russell	AB-	645-74-3156	265	-89.50674	17.083867
"9390 Barbara Park Apt. 031
Port Melanie, MA 53412"		Hodges-Fisher	O+	178-78-6844	112	4.5570805	-103.649318
"Favela Peixoto, 47
Vila Boa Vista
35762962 Fernandes do Norte / PE"		Melo - ME	B-	73605814948	342	35.657166	-141.163855
	漫画家	佐藤電気有限会社	O-	466-74-7484	329	53.6386625	93.096309
"Viale Luigi, 699
65131, Fontanelle (PE)"	Health physicist	Cainero-Scaduto s.r.l.	AB+	MRCVNI18B63B687V	801	71.7934305	-63.175546
奈良県三宅島三宅村平須賀24丁目17番7号 パーク四番町207	大学教授	石井銀行合同会社	A+	852-31-7295	599	78.3969505	91.274262
愛知県川崎市高津区神明内16丁目13番6号 入谷アーバン053		加藤運輸有限会社	B-	718-39-2032	411	23.4029475	-44.377313
"Unit 7199 Box 1363
DPO AP 05566"	Engineer, building services	Richardson, Doyle and Whitaker	AB+	793-37-8682	134	6.44655	-168.501782
"Drewesgasse 4
75310 Rastatt"		Kraushaar	O+	897-99-9456	536	71.7886485	-76.484879
熊本県荒川区池之端6丁目18番13号 鍛冶ケ沢コーポ238	栄養士	合同会社田中運輸	AB-	619-58-0827	562	-4.704668	-165.836729
		Duarte	O+	75862109420	99	17.540488	146.659719
	Koreanistiker	Paffrath Kusch GmbH	A-	641-47-4421	729	6.1578695	-124.304609
"Incrocio Montanariello, 8
47023, Borello (FC)"	TEFL teacher	Mercadante-Zanazzo s.r.l.	A-	MZZDRN08P22F122R	112	-68.260882	-126.441171
"755 Nancy Mission
East Heatherland, AS 72463"	Surveyor, quantity	Martin-Martin	A+	238-02-8356	343	-47.955632	-101.524564
"Kohlallee 8987
24202 Badalzungen"	Altenpfleger	Putz AG	AB+	503-39-9920	65	59.7333955	-148.872404
"Semra-Berger-Allee 6064
40927 Gransee"	Programmierer	Steckel Schinke AG	A+	069-90-1318	90	7.80076	-139.0952
群馬県横浜市旭区筑土八幡町12丁目1番11号 アーバン隼町501		株式会社伊藤食品	O-	747-50-6689	250	-76.09003	155.205682
"Largo de Nunes, 90
Novo Das Industrias
85954-429 Ramos de Machado / SP"	Xilógrafo	Nunes	A-	28651903740	599	68.3928415	-37.488613
大阪府昭島市芝公園6丁目12番5号 パレス虎ノ門960		松田運輸合同会社	A+	258-87-7671	603	-25.159155	-151.829616
"Cordula-Stroh-Ring 60
32803 Chemnitz"		Pohl	B+	979-16-9872	70	-69.696058	-113.97069
"Danny-Oestrovsky-Ring 2
68535 Kötzting"		Paffrath	AB+	142-52-2627	65	71.759	98.163952
"Piazza Giacomo, 80 Piano 6
20026, Novate Milanese (MI)"		Volta, Condoleo e Guarneri SPA	AB+	CTLNNZ39S21A001N	281	65.915744	91.714011
	Horticulturist, amenity	Lopez, Stewart and Hughes	O+	043-98-6141	538		
		林農林株式会社	AB-	779-14-6840	484	-48.580773	-16.501998
"USNS Martin
FPO AP 36051"	Data scientist	Goodman, Phillips and Johnson	AB-	635-32-9079	264	41.6898335	-35.896548
"Vila de Vargas, 54
São Pedro
06036869 Cavalcante da Praia / RO"	Tradutor	da Conceição	A-	48615203717	657	16.061454	47.656182
熊本県北区百村23丁目5番10号 パレス台場812		株式会社山崎建設	O-	821-49-5798	633	77.956207	-77.681422
"779 Roth Ford
Elizabethport, SD 54524"		Mccoy, Ingram and Brown	O+	795-87-6086	116	83.769037	-9.280907
		Saragat SPA	O-	LNGTRT94B52C697A	612		
		da Paz	AB+	89610423787	166	24.2342635	-51.442618
"Strada Alessandro, 5 Appartamento 3
10072, Mappano (TO)"		Malenchini, Comencini e Verga e figli	A+	BLLRZO07T64E587S	357		
"Borgo Martino, 2
42048, Rubiera (RE)"	Games developer	Orengo-Balbi SPA	AB-	NGLLRT32P04G848H	330	-10.7120935	-42.706816
長野県墨田区上高野41丁目18番7号 蟇沼シャルム595		有限会社斎藤保険	A+	816-22-1594	405	-36.9275605	119.7995
"Lago Arthur Gabriel Fernandes, 582
Castelo
01592-962 da Cunha / RN"	Geriatra	Costela Lopes S.A.	B-	13025764961	603	21.2893345	-112.934406
"Strada Praga, 77
43018, Coltaro (PR)"		Benedetti, Vigorelli e Fagiani e figli	O+	SBLDMA13M53H410L	383	60.91695	105.064021
		Mälzer OHG mbH	O-	477-01-5337	142	-19.68682	72.625877
"Borgo Flora, 31 Piano 7
45039, Stienta (RO)"	Therapist, music	Filzi, Borgia e Desio s.r.l.	O+	MRLGFR25C55A503Y	754	86.6990595	-68.466891
"Hermine-Gude-Ring 45/54
90028 Bad Brückenau"		Barth	A-	942-66-1225	578	3.6264005	126.577344
"Fazenda de das Neves, 681
Vila Nova Gameleira 1ª Seção
34975128 Jesus do Amparo / RJ"		Nogueira - ME	AB+	39425701814	282	-28.728534	-75.112834
"Campo de Fonseca, 15
Senhor Dos Passos
96396021 Aparecida da Prata / DF"	Produtor fonográfico	da Cruz Cavalcanti S.A.	A-	14027689585	785	-37.5701425	-86.027405
"51561 Scott Motorway Apt. 660
West Laurastad, VI 58014"	Lawyer	Davis, Stone and Thomas	B-	825-83-7249	423	-82.85716	154.582776
"Chácara Fonseca
Vila Batik
90098-844 Santos / RO"	Boxeador	Silveira e Filhos	AB+	29714503680	401	67.9219685	-177.635764
"Pátio Ana Clara Vargas, 93
Santa Tereza
14610676 Nascimento / GO"		Siqueira	AB-	70984516301	549	-48.4293055	-44.329215
"09110 Jesus Tunnel Apt. 116
East Markport, WI 99610"		Walker-Thomas	B-	124-65-5452	648	-67.534642	25.802733
		株式会社斎藤運輸	AB+	422-12-1875	533	-37.4972535	156.289595
"Vale Camargo, 57
Colégio Batista
83314759 Teixeira / RJ"		Correia e Filhos	AB-	90152387668	495	38.8858855	67.878804
"Quadra Garcia, 6
São Jorge 1ª Seção
28052-988 Silva da Serra / CE"		Farias	A-	71485032997	224	24.8697505	37.484704
滋賀県中央区浅草橋31丁目22番6号 パーク日比谷公園344		石川鉱業株式会社	AB+	793-96-1767	792	46.2648765	-115.849869
	Chartered management accountant	Gordon-Love	B-	022-56-9909	515	-47.169885	-120.635853
		Castro - EI	O-	58971362464	276	21.9574425	-83.960616
"92747 Torres Lodge
North Troy, SC 72189"		Potts PLC	AB+	129-81-2001	736	-77.238119	-147.903928
"3871 Gordon Walks Apt. 931
East Michele, WA 84625"	Information systems manager	Jones, Dorsey and Chase	O-	390-57-4840	263	45.0010005	-57.450422
熊本県横浜市港南区雷門26丁目17番7号 美原町パーク541		佐藤銀行株式会社	B-	703-63-2535	568	-44.023916	135.306062
"Unit 8691 Box 2545
DPO AE 72973"		Wagner Inc	A-	189-15-1691	1	-75.611618	-67.477327
"Tintzmannweg 631
19227 Schongau"		Schmidt GmbH	B-	600-32-5271	359	34.820384	144.089164
大分県国分寺市蟇沼19丁目3番4号 明石町シティ463		株式会社坂本電気	AB-	746-14-2800	676	-21.539464	-107.224032
"Daniel-Stiffel-Straße 17/26
92084 Peine"		Gude Mühle GmbH	AB-	642-33-3146	630	14.6311625	166.80606
"Pátio Oliveira, 25
Nova Suíça
71385024 Garcia / AM"	Diarista	da Cruz	B-	36524170970	113	-2.8195545	-41.954746
兵庫県練馬区所野39丁目16番20号		太田建設合同会社	A+	609-14-5070	321	57.8147375	-16.724477
三重県あきる野市京橋10丁目23番16号 一ツ橋コート854	歯科医師	鈴木水産株式会社	O+	208-36-6599	614	54.403296	-120.765722
"Gudeweg 36-18
97891 Backnang"		Reinhardt	AB+	183-90-2132	576	-77.676289	25.585412
"Colônia Gabriel Cavalcante, 924
Marieta 3ª Seção
29967306 Nascimento da Prata / GO"	Representante comercial	Gomes	O+	96751802420	636	48.5556965	137.997572
"Caterina-Wähner-Gasse 45/73
20799 Biedenkopf"		Gunpf OHG mbH	AB-	581-17-1376	771	67.7644085	92.144638
"Borgo Marangoni, 220 Piano 7
20005, Pogliano Milanese (MI)"	Research scientist (maths)	Donatoni-Palmisano e figli	AB-	RVGLSN60L03H102O	732	-64.2949765	148.294867
		Gierschner AG & Co. OHG	AB+	008-25-1328	587	52.1810305	-80.954145
		King, Coleman and Reed	A-	579-76-1365	508		
"Viale Cabrini, 57
98131, Mili Marina (ME)"		Aldobrandi-Pennetta SPA	B+	CMCRNT94P70C729A	118	80.4113575	95.739748
"Hajo-Köhler-Gasse 85-69
84922 Viechtach"		Fechner	AB-	032-97-6796	416	47.5412805	136.542701
"Misicherring 0
98281 Altentreptow"		Thies	A-	710-25-7834	306	36.696525	21.046931
茨城県小平市花川戸25丁目25番4号 パレス池之端736		佐藤通信株式会社	A-	199-40-5785	683	64.870305	2.089767
"Rotonda Mercati, 769 Piano 1
66041, Piazzano (CH)"		Galilei, Mazzeo e Giorgetti SPA	AB+	CTLRNL30E08F495R	391	-54.978639	-128.23336
"Piazza Saffi, 48 Appartamento 5
00034, Colleferro Stazione (RM)"		Sobrero-Villadicani SPA	AB-	MNTMRA94A01B150U	9	56.477247	-1.112494
"Barthstraße 2215
58237 Bischofswerda"	Binnenschiffer	Kranz GmbH & Co. KG	AB-	361-44-4821	708	74.260663	-63.117314
"Ingeborg-Keudel-Allee 5685
16599 Garmisch-Partenkirchen"		Gröttner e.V.	AB-	399-40-3112	384	28.417219	145.14927
"Trecho Santos, 715
Conjunto São Francisco De Assis
54148858 Jesus da Serra / PR"		Moura Almeida e Filhos	O+	05372968400	451	-31.1795835	2.137397
岐阜県板橋区大中15丁目21番3号 花島シャルム587	歯科医師	有限会社中村銀行	O-	145-17-3405	402	2.9003825	-168.423438
"Travessa de Viana
Ernesto Nascimento
79070-822 Costela de Pires / AM"		Rodrigues	O+	70154839205	378	25.678332	130.741797
"Aeroporto Carvalho, 94
Canaa
87372-685 Albuquerque / BA"		Pinto	B+	92051876312	609	89.4528065	-13.426298
		Prodi, Mastandrea e Tirabassi Group	AB-	FRCVNS37T03C855M	151	-71.3676435	19.122693
"Viaduto Maria Flor Sampaio, 87
Vila Santo Antônio Barroquinha
98133808 Sales / PB"	Mágico	Nogueira	A+	43506819224	355	10.9090535	-15.741237
"Canale Hugo, 98
63822, Porto San Giorgio (FM)"		Battaglia, Nievo e Tuzzolino SPA	B-	BRMGRN41H54F642C	507	-19.3113475	-118.813566
"Canale Filippo, 47 Piano 0
83026, Banzano Di Montoro Superiore (AV)"	Careers information officer	Bandello e figli	B-	LPRGNZ13M59B275V	195	-1.9187485	35.033713
"Via Annibale, 74
06019, Niccone (PG)"		Leonardi Group	AB+	CMBMLA49C05E532Q	659	33.8113335	-139.794631
		Aparecida	B-	10347956270	486	-17.471191	-16.523317
	Florist	Roht Trommler GmbH	B-	183-69-8340	297	-45.0916455	101.677712
"Stretto Tullio, 543
63844, Grottazzolina (FM)"	Dramatherapist	Ciani-Balotelli SPA	O-	PRPFLV50M04F616Z	796	85.702388	114.934723
"6774 Wilson Harbor Suite 318
West Cindy, HI 25392"		Richardson, Beasley and Mcpherson	O-	076-58-3940	74	33.2436665	-62.703995
山口県羽村市台場22丁目8番10号 コート入谷527		有限会社三浦建設	A-	118-23-1612	401	75.147628	109.87445
"2030 Hernandez Plain Apt. 229
West Donmouth, IN 89827"		Weeks-Jefferson	A-	130-72-7766	100	-17.3932425	72.656695
	Engineer, manufacturing systems	Battisti Group	AB+	PLLGNN64B20I839A	414	-51.416799	151.436479
"Zorbachstraße 6045
70561 Starnberg"		Mans	AB+	282-01-5395	372	68.9313015	-124.832196
"Alameda Paulo Carvalho, 19
Boa Esperança
97335-663 Montenegro do Campo / PR"		Caldeira da Cruz S/A	B-	18036472562	784	78.640485	11.444793
		Peixoto e Filhos	AB-	43905627116	274	-60.076916	139.090192
"Ian-Biggen-Weg 6/4
87532 Pasewalk"		Hellwig e.G.	A-	150-93-2674	677	-30.2427185	-17.112723
"2863 Garrison Underpass
Dorseyhaven, MP 16391"		Guerrero, Edwards and Golden	O-	859-35-5583	176	64.664103	82.981698
青森県千代田区東和町17丁目12番19号	ゲームクリエイター	山口食品合同会社	A+	498-99-4765	452	-34.4120935	92.425313
"605 Wilson Ridge Suite 604
Benjaminmouth, NY 35371"	Theme park manager	Lopez Inc	AB+	228-62-2217	88	20.322285	27.581224
"Viale Margherita, 3
86046, San Martino In Pensilis (CB)"		Bernini-Giunti Group	B+	MRCMRA55T71L458N	32	-26.284678	-31.977621
"239 Simon Squares
Christinashire, MT 86384"		Dickson-Lam	B-	078-11-7834	121	-77.954927	-108.386255
"Borgo Piero, 16
28050, Pombia (NO)"		Tornatore, Accardo e Castellitto Group	AB+	RMNFRN90M67B693E	155	33.3716815	106.050376
"Zimmerstr. 32
88504 Günzburg"		Klapp KG	B+	961-22-8519	665	75.675038	-42.697217
		山崎電気合同会社	A-	775-68-8386	690	-74.457857	-123.555299
"Piazza Nina, 7 Appartamento 22
14018, Villafranca D'Asti (AT)"		Sibilia SPA	O-	CMPMRL31S44E027E	54	32.343947	147.060104
"Lagoa Marques, 17
Conjunto Paulo Vi
50250-054 Viana / DF"		Pereira	AB+	06851739259	179	-67.5333215	58.156804
"Viale Contarini, 49
00124, Roma (RM)"		Milanesi SPA	B-	GRGFLV50L11C919K	577	15.0994155	63.665305
"PSC 6821, Box 8736
APO AP 48787"		Bell-Cooper	A+	222-58-2259	144	5.865288	-143.128986
秋田県東久留米市鳥越17丁目1番8号 パレス高田馬場108		斎藤運輸株式会社	O-	838-45-2951	674	4.5716975	51.48887
大分県我孫子市鳥越21丁目1番9号 脚折町コーポ538		有限会社林建設	A+	169-03-7850	354	40.5273875	-88.111055
"Trappgasse 46/77
25696 Lüdinghausen"		Dippel Barth KG	B+	784-47-5361	462	50.3307715	-45.11973
香川県安房郡鋸南町東神田18丁目26番19号 コート神明内584		合同会社近藤通信	B-	585-85-8857	641	30.9824615	-166.985021
"Trevo Moura, 97
Tiradentes
43975-044 da Cunha de Montenegro / DF"		Caldeira	O+	94537082160	119	-37.679506	-88.058652
"Johannweg 51
33233 Sulzbach-Rosenberg"	Arzt	Holt	AB-	154-36-7778	16	70.136103	137.83043
"8063 Shannon Falls Suite 243
Davidmouth, WY 31373"		Curry-Lee	A-	087-59-0275	603	58.797596	-126.346119
兵庫県大網白里市上吉羽31丁目23番12号 西関宿パーク610		合同会社佐藤通信	AB+	195-91-2746	360	-37.2829465	-44.867492
		Cavalcanti Lima - EI	B+	74258069167	686	-71.126333	-173.969259
"68834 Zuniga Roads
Sophiaborough, AL 18156"	Broadcast journalist	Taylor, Conway and Long	O+	125-63-5898	510	-21.493194	-14.820301
"Chácara de Araújo, 30
Vila Coqueiral
11070-669 da Mata / MT"	Promotor de vendas	Aparecida	O+	73908241588	751	-58.8576935	-131.683487
大分県長生郡白子町花川戸29丁目20番11号 パレス高輪176		藤田建設有限会社	A+	857-05-2104	203	71.7213405	-120.214204
		Rohleder Geißler KGaA	O-	593-43-4094	38	37.546955	173.312123
"Strada Romolo, 89
65126, Pescara (PE)"		Smirnoff e figli	O-	CCLSPH89R22B947V	467	-39.857034	-122.972246
		Pittman, Roth and James	AB-	886-93-3265	558	-81.502462	58.766342
"981 Victor Trafficway Apt. 902
Shariberg, FL 81025"		Carroll Inc	B-	672-51-9578	555	-35.677455	-45.324431
"Hanne-Lore-Barth-Ring 9-9
40023 Aschaffenburg"		Wulf Schweitzer GmbH	AB-	750-98-4948	531	76.509645	-64.446367
"Vila Câmara, 56
Buraco Quente
62339-260 Freitas de Castro / AP"		da Cunha	A-	72130968503	172	-45.2742075	25.610895
新潟県三宅島三宅村二つ室17丁目16番20号 外国府間アーバン551		阿部水産合同会社	B+	017-80-9265	547	-36.121148	1.260108
"498 Matthews Trafficway Suite 134
Rosehaven, ND 95340"		Singleton PLC	B-	713-60-3114	219	24.0708595	102.448289
"Rotonda Bragadin, 82 Piano 3
38010, Sporminore (TN)"		Perini-Greco Group	A+	TZZBRC45B13E573W	381	84.1889025	-127.742027
"0240 Campbell Rue Apt. 747
West Henryburgh, NM 68776"	Paramedic	Mills LLC	B+	848-13-7195	557	34.2856465	-166.813673
"Estação Nunes, 70
Nova America
99317-404 Machado / PA"		Peixoto	O+	68753024117	513	66.444581	34.534956
"Borgo Virgilio, 839
45027, Trecenta (RO)"		Zampa Group	A-	BXISNR97B08H498G	575	-33.0715845	-131.220038
"Travessa da Paz, 88
Vila Calafate
09381020 da Costa da Mata / MG"		Martins	O+	78264903592	742	-64.7324495	103.847222
"Canale Salandra, 6
75029, Valsinni (MT)"		Borzomì-Boito s.r.l.	AB-	MSCVRN10A08A728L	82	53.951685	-118.412482
"Praça Câmara, 74
São João
82011-539 Araújo / RR"		da Conceição S.A.	O-	13764059206	54	36.3741155	-79.078741
"Via Treccani, 78
80126, Pianura (NA)"		Zoppetti-Lucarelli s.r.l.	A+	CLMLRA50T14G823U	646	37.609749	-109.315876
"231 Williams Camp
Thompsonberg, MD 06063"		Keith, Schneider and Hayes	O-	321-01-9941	264	-49.097193	161.940266
		Berengario-Gelli s.r.l.	O+	MPSVLR87M42F639C	668	-27.4532705	87.796559
"Avenida Thomas Fernandes, 942
Biquinhas
18757-127 Araújo / RS"	Percursionista	Ramos	A-	49530821689	784	-18.5155695	-129.837593
"5809 Sarah Prairie
Stonestad, NY 45778"		Simmons-Vasquez	B-	854-19-2390	340	15.912866	124.627914
福井県浦安市西川9丁目12番3号 コート湯宮321		鈴木鉱業有限会社	AB+	868-23-9399	284	82.3031325	174.511561
"Borgo Fredo, 90 Piano 4
65023, Caramanico Terme (PE)"		Finzi, Leblanc e Rizzo SPA	A-	DNNLLT60B02D746D	41	5.4362125	-140.27996
		Oliver Ltd	B+	309-80-0001	10	-32.9311985	146.229423
		Vieira Almeida S/A	B-	72639418564	752	-47.3017775	167.840323
		Modiano-Malipiero SPA	AB+	PLLSYV58E24E719J	473	-77.9401685	-155.072675
		Cardoso Câmara S.A.	A-	51930628498	15	47.3684265	-39.208592
"Roskothstr. 71/73
38566 Stadtroda"		Stolze KGaA	B+	392-06-0814	374	9.986041	-117.065166
"Contrada Filippa, 62 Appartamento 2
43016, Polesine Parmense (PR)"		Parisi-Vergassola SPA	O-	GRFSTN95P21M374A	536		
"Meral-Kostolzin-Platz 651
19167 Guben"		Hornich GmbH	AB-	487-93-5974	72	-64.0985865	24.264961
奈良県多摩市所野23丁目4番13号 大京町パレス775	寿司職人	合同会社佐々木印刷	A-	324-78-2179	684	39.5395545	-64.080979
愛媛県夷隅郡御宿町津久戸町24丁目24番16号 中鉢石町シティ085		合同会社岡田ガス	B+	554-50-3064	161	-57.4219	-109.79925
愛知県豊島区南郷屋21丁目24番19号 アーバン細野749		田中電気有限会社	A+	218-17-7247	615	39.2357985	37.813093
千葉県新宿区千塚6丁目4番10号 東和町ハイツ320		長谷川食品有限会社	B+	440-11-2176	614	78.612337	-59.525647
"Patbergstr. 53-41
70647 Schongau"		Trommler	A+	630-87-7169	68	-16.5703505	90.325044
"Canale Gastone, 40 Appartamento 37
39045, Mittewald (BZ)"	Chartered public finance accountant	Giannuzzi s.r.l.	A+	PDRSTL59D06I271R	425	13.117298	177.729817
"Hans-Christian-Vogt-Allee 64
28219 Cottbus"		Eckbauer GbR	O+	398-37-0136	727	-67.2536095	47.787863
"29421 Parsons Canyon
New Leahbury, IA 58404"		Smith-Carroll	B+	333-21-1207	118	-48.6918505	-2.356913
		株式会社石川保険	AB-	054-27-4605	344	15.245279	-127.40121
"Núcleo Nina Moreira, 28
Morro Dos Macacos
43848-675 da Mota / SE"		da Rosa	AB-	10764593234	626	-10.218371	133.879491
"Campo Levi Cavalcante, 57
Minas Caixa
51091-474 Castro do Campo / ES"		Alves - ME	AB+	76140325862	453	26.6476835	55.161639
"Strada Vincenza, 4
20047, Cusago (MI)"		Boldù SPA	AB+	MNCGCN08B47H994G	334	21.8080995	-25.119317
		Scheuermann	AB-	585-27-8316	529	-23.3939	-158.254783
"380 Jennifer Centers
North Jesusview, CA 05590"		Mccullough, Harding and Gutierrez	B+	817-76-3819	232	75.1797705	50.680595
"Pátio Eloá Pinto, 70
Jardim América
75920-151 Casa Grande do Norte / SE"		Borges	B+	70291836496	714	-62.9939155	99.320727
"Vicolo Gangemi, 53 Piano 6
33028, Imponzo (UD)"		Villarosa e figli	B-	FRVMLN43B28G115S	74	6.631583	-85.961922
神奈川県山武市羽折町15丁目21番7号		山田建設有限会社	O-	793-21-9282	437	40.1821595	-101.225708
"Briemerstraße 7
01514 Mayen"		Langern KG	B+	548-14-2322	683	6.123866	33.258693
"Morro Ian da Costa
Ventosa
66827-241 Rios da Praia / SE"	Conferente de expedição	Gonçalves	B+	98513064289	43	75.3608175	118.773554
"394 Amy Camp Apt. 373
Jasonberg, NM 94741"		Washington, Stout and Velazquez	A+	104-10-2877	461	-49.4297535	32.438047
		有限会社鈴木鉱業	B-	429-88-4033	99	-64.2708255	-150.056184
"Passarela Vasconcelos
Heliopolis
42720510 Gonçalves / DF"		Moreira Melo e Filhos	O-	76853124928	510		
"1926 Davis Lane
West Kellyview, MS 27202"	Fish farm manager	Norman, Case and Rhodes	O+	661-45-7787	656	-79.2324485	76.306097
栃木県清瀬市二つ室36丁目3番5号	ウェディングプランナー	合同会社藤原銀行	O+	083-85-4995	346	60.4879225	135.523213
		Castro Ltda.	B-	45291703814	575	-53.904238	118.584065
"Thanelgasse 60
59000 Warendorf"		Roht GmbH & Co. KG	AB-	024-37-1555	486	-27.270223	156.87996
"Vicolo Niccolò, 69
01020, Graffignano (VT)"	Maintenance engineer	Puccini e figli	AB-	MSCLRT94R11M319Y	441	69.5389125	-70.026262
"Killerplatz 88
47984 Mittweida"		Meyer Segebahn KGaA	AB+	415-41-9051	99	58.031383	-57.523942
山口県白井市四番町26丁目24番16号 パーク今戸974		田中食品有限会社	A-	035-56-5094	606	-28.54696	59.405102
"3036 James Forest
Lopezville, NJ 36312"		Mejia, Dominguez and Wilkins	AB+	363-15-8336	574	-57.4589655	99.004792
"Canale Orlando, 894 Appartamento 20
29029, Roveleto Landi (PC)"		Navone-Gottardi s.r.l.	AB+	BRTSLV01M47C222Z	327	-17.8064085	-61.128355
"6870 Megan Mills Apt. 535
North Laura, NH 22039"	Graphic designer	Brown and Sons	O+	620-91-0861	759	86.798189	111.186117
"Recanto Gomes, 34
Padre Eustáquio
67101-052 Dias / AL"		Marques	O+	89425763119	174	44.003706	151.077641
"Christin-Säuberlich-Platz 29
86147 Lübz"		Anders Fechner e.V.	B-	672-87-6075	78	-57.6133355	142.938307
		Hoffmann Müller AG	O+	316-39-9141	195	-66.0776355	-132.339287
"Trecho de Macedo, 76
Coração De Jesus
67145297 Mendonça de Santos / BA"	Jogador de handebol	da Paz	O-	74215086949	393	4.7453345	-157.649252
千葉県板橋区湯宮1丁目21番3号 上広谷ハイツ443		株式会社佐々木通信	B+	865-34-0727	754	-17.335619	80.0475
岡山県板橋区今戸24丁目11番17号 アーバン長間607		株式会社岡田印刷	O+	481-38-6930	483	5.420095	-141.879278
"Unit 4166 Box 6159
DPO AA 59831"		Willis-Evans	B+	543-51-2527	244	-59.2365015	-171.220569
		Castro	O-	07235489197	474	7.168355	-36.598438
"Werneckestr. 4/1
21178 Aurich"		Koch II KG	AB-	478-12-7755	469	48.756597	109.055648
"Viale Paolo, 0 Piano 1
08011, Bolotana (NU)"		Bernardini s.r.l.	B+	FRRNTN73D25H643X	592	82.31605	36.410468
"Isabelle-Hendriks-Platz 1-1
89755 Zschopau"	Artist	Adolph Gorlitz AG	B+	973-26-6795	781	61.5231955	43.701424
熊本県台東区丸の内ＪＰタワー9丁目11番20号 コート南赤田412		株式会社石井水産	A-	709-60-5982	683	50.332469	98.092055
	Artist	Karz GmbH	A-	099-72-9478	417	-57.5797855	-15.486547
"Unit 0635 Box 2689
DPO AE 62064"	Chartered management accountant	Walker-Hanson	AB+	375-69-9659	565	-63.0296135	-84.546662
"057 Diana Summit Suite 122
Brandttown, FL 51795"		Lozano-Lester	O+	692-42-7429	179	62.6157305	-73.95868
"40581 Robinson Roads Suite 543
New Donaldstad, MI 98073"		Moore Inc	A-	596-38-1328	100	-36.99004	-45.166255
"9836 Jeanette Forges Apt. 979
North Carolside, VA 25363"		Thornton, Howell and Walter	A+	757-69-0352	158	-26.4683465	-163.685039
三重県八千代市松石6丁目9番14号 中宮祠コート804		株式会社佐藤保険	AB-	159-59-3699	529	-14.1091485	95.307701
"Jardim Bento Brito, 37
Barão Homem De Melo 3ª Seção
69495194 Cirino Alegre / ES"		Jesus Nascimento - ME	B-	52371890677	572	60.960075	175.291839
"Campo Vasconcelos, 6
Nova Floresta
29104859 Gonçalves / SE"		Caldeira da Cruz Ltda.	A-	19208365786	418	72.314284	59.596987
		株式会社近藤水産	O+	352-74-1643	785	4.6476275	100.909097
宮城県府中市東上野31丁目15番11号 シャルム明石町374		有限会社三浦運輸	B+	223-54-1363	301	50.179888	87.265514
"6342 Justin Common Suite 697
Jonesview, GU 69895"		Nash Group	AB+	294-98-9187	723	-26.6331485	-56.293473
	Sound technician, broadcasting/film/video	Cobb LLC	A-	698-25-6569	442	-37.413709	-110.897748
"Parque Leão, 50
Marieta 2ª Seção
95487-106 Martins / PB"	Secretária	Sales	AB-	39781465093	703	42.4552645	-167.062699
秋田県川崎市高津区五味ヶ谷13丁目16番7号 下宇和田コーポ651	大学教授	株式会社小林運輸	AB+	269-82-1559	357	-75.883621	17.808076
広島県葛飾区麹町33丁目1番15号 五味ヶ谷パレス375	医療事務員	佐藤情報株式会社	O-	248-08-6450	337	77.273984	-42.369594
"Rodovia Evelyn Garcia, 3
Maria Helena
76569941 Melo de da Mota / SP"		da Paz Rodrigues S/A	A-	01953748279	256		
"Piazza Natalia, 71
31054, Possagno (TV)"		Pisaroni, Ferraris e Salata e figli	O-	GNNFRC94M69F311Q	470	62.1418835	121.326862
"Rörrichtstraße 64
52795 Nordhausen"		Pechel Mans KG	A-	796-31-1980	255	50.261168	141.09634
"Ahmed-Röhricht-Straße 6-4
15826 Pößneck"		Patberg AG	AB+	981-39-0877	524	7.2948585	-77.037796
"Contrada Toselli, 715 Piano 2
28073, Fara Novarese (NO)"		Folliero, Avogadro e Abatantuono e figli	O+	BTALSS94E45F112T	540	-42.1724155	-61.542147
秋田県川崎市高津区大中27丁目21番17号		井上保険有限会社	B-	369-31-8393	455	8.302458	-40.806623
"Praia Luiz Fernando da Costa, 1
Vila Pilar
35802-883 Carvalho / ES"		Cavalcante	AB-	72016389478	290	3.8752405	-52.016862
		Schenk GmbH	B+	990-53-4522	708	13.859125	4.776293
"Via de Carvalho, 634
Graça
10749927 Cirino do Sul / PA"		Ribeiro	O+	20854169342	323	-67.5407025	-61.223741
"Feira Mendes, 4
Cônego Pinheiro 1ª Seção
17026138 Lima do Amparo / SE"		Costela - ME	A+	41279308532	686		
"Contrada Guidone, 253 Appartamento 3
89100, Reggio Calabria (RC)"		Trincavelli, Sermonti e Parini e figli	O-	MRCSMN18A57H956M	143	-7.213192	142.233858
		合同会社松本農林	AB-	894-44-2244	682	11.1045925	-58.940815
"Lagoa Cavalcante, 7
Novo Ouro Preto
62612748 Campos de Souza / TO"		Siqueira Gonçalves e Filhos	A+	34581209633	505	59.7173025	71.593956
		有限会社佐々木ガス	A+	324-91-9579	35	23.1376595	-41.853537
長野県西東京市東上野24丁目27番1号 大京町シティ492		山本運輸株式会社	AB-	500-22-0910	247	68.114877	15.391921
		Hering AG	A+	545-85-1941	333	-10.262173	12.232899
"Canale Curci, 11
21057, Olgiate Olona (VA)"		Salata Group	A+	ZCCLLR93P13M277I	801	71.344823	-57.099662
"Viale Romana, 21
17032, Arnasco (SV)"		Cabibbo s.r.l.	O-	FLLFLV30H45G034O	102	37.615092	78.47703
大阪府武蔵村山市柿木沢16丁目23番19号 クレスト蟇沼315	歯科医師	株式会社渡辺銀行	A-	410-30-3461	237	7.663555	53.766771
"USCGC Patton
FPO AP 77075"		Marshall, Martinez and Collins	O+	076-39-8054	573	-57.9920885	175.214257
"Vale Fernandes, 95
Vila Olhos D'água
42488647 Nogueira / TO"	Argumentista	Dias	B+	80674253965	272	-72.783846	155.422757
"Contrada Matteotti, 56
13012, Prarolo (VC)"		Serraglio-Scaramucci SPA	B-	CDUGRN43A17F297O	443	62.250786	-104.913687
		Jones PLC	AB+	840-66-5038	710	-37.6656505	-91.314523
"Gerlachstraße 2790
02723 Strasburg"		Freudenberger GbR	A+	864-08-9896	320	-68.4672945	-112.129554
"4148 Thomas Track Apt. 576
Lake Theresa, HI 05361"		Santos Ltd	O-	160-59-1071	206	-43.50752	-150.766476
"15957 Patty Radial Suite 475
Johnport, ND 84964"	Tourist information centre manager	Smith LLC	O+	506-76-6592	383	-35.8499775	122.057139
"19750 Erickson Island
Vanessabury, HI 92667"		Peterson-Graham	AB-	031-09-2574	589	50.13127	170.087907
		Farinelli, Fallaci e Giorgetti SPA	O+	NNLGST83T67D433Z	318	60.931535	114.834039
"815 Martinez Overpass Apt. 580
Josephmouth, ME 87035"		Miller Ltd	B-	260-02-7477	678		
"Canale Lussu, 11 Appartamento 8
40056, Crespellano (BO)"		Galuppi Group	AB+	LPUSLV46C48E185Q	172	-41.5368445	139.876245
"Scholtzgasse 1333
97344 Riesa"	Bankkaufmann	Jacobi Jäckel	AB-	469-02-9402	7	20.60005	102.795947
"Wulfgasse 9-9
06782 Werdau"		Käster	O+	860-19-8967	461	-20.8894505	81.096803
"4728 Oliver Brooks Suite 940
Josephbury, NM 35854"	Medical physicist	Warren-Martinez	B+	105-65-6272	101	-61.641161	52.660072
"Kobeltring 28-97
28292 Wolfach"		Kambs Margraf GmbH & Co. KG	AB-	713-01-0177	336	-47.945529	43.589151
"Área Davi Miguel Barros, 12
Conjunto Novo Dom Bosco
76778584 Leão / DF"	Juiz ou árbitro de futebol	Viana e Filhos	B-	18735690259	592	14.554828	-133.840342
栃木県中野区上広谷9丁目8番18号 クレスト東和町345		福田食品合同会社	AB+	830-94-2053	574	31.94439	45.477807
"Incrocio Pistoletto, 447 Appartamento 1
20004, Arluno (MI)"		Vendetti-Bocca e figli	AB-	SPNTNI28T08B044Z	254	36.662557	-31.604028
"Jäntschplatz 68-26
58296 Monschau"	Informatiker	Werner Ruppert GmbH	O+	046-66-3982	300	-52.045538	-168.727126
"Piazza Niccolò, 89
20124, Milano (MI)"	Theatre director	Borroni, Castelli e Bruscantini Group	B-	FRRRGR24T58H087L	566	37.497142	166.207123
"Área Lucca da Luz, 28
Novo São Lucas
06853512 Gonçalves / BA"	Guardador de veículos	Barbosa	A+	08531427932	417	27.06073	-74.552912
岩手県横浜市西区西関宿13丁目2番12号 コート中鉢石町105		林銀行有限会社	B+	226-88-6488	603	15.984224	79.778623
"Stretto Pagnotto, 17
42048, Rubiera (RE)"		Giolitti, Nicolini e Tolentino SPA	A-	MLPMLA91T26G315Y	498	-59.6378815	149.53847
沖縄県東村山市南赤田14丁目5番18号 ハイツ池之端746		株式会社吉田保険	AB-	161-93-9940	169	26.529318	-17.782996
岡山県君津市長畑20丁目7番6号 ハイツ手岡629		田中建設株式会社	O+	492-32-1748	105	-85.3172945	-35.107121
"91552 Isabel Station Suite 312
Velazqueztown, OR 91060"	Nurse, learning disability	Ferguson and Sons	O+	533-56-2151	695	4.057072	-132.037856
青森県新島村東神田4丁目1番6号 土沢パレス410		合同会社石川印刷	A-	704-25-3292	771	-58.1416765	-121.402141
"Undine-Patberg-Straße 8-5
81201 Sankt Goar"	Designer	Kranz	A+	567-69-8595	638	-88.288761	-8.378605
"52887 Warren Mountains
Melissaside, MN 49653"	Haematologist	Jacobson, Morrison and Marshall	AB-	877-22-0935	6	29.2040885	-103.523039
島根県世田谷区長間25丁目4番20号		合同会社斎藤食品	B+	584-69-0438	720	-77.41247	-117.199761
鹿児島県君津市竜泉24丁目4番15号		合同会社斉藤電気	O+	121-43-4178	766		
"Stretto Guido, 73
46037, Roncoferraro (MN)"		Bertolucci-Castellitto Group	AB+	BRRMRC52A71L696Q	294	-75.1407815	-19.104235
"8551 John Ferry Suite 220
Lake Justintown, SC 57920"		Robinson-Shaw	AB+	874-89-8346	310	-37.632358	86.211733
"PSC 8680, Box 5384
APO AA 05647"		Neal Ltd	O-	859-65-7990	132	-89.734282	117.823774
"Siegmar-Winkler-Straße 2-8
37097 Wiedenbrück"		Hartung	O-	452-95-1126	472	-71.9990045	145.379408
"Contrada Soprano, 197 Appartamento 35
00124, Casal Palocco (RM)"	Patent attorney	Tamburi s.r.l.	AB+	GLGNTN74P58E203P	24	60.4324815	106.819943
"Piazza Benito, 86 Appartamento 39
55022, Pieve Di Controne (LU)"		Zaguri-Gremese e figli	AB+	FRRGRG33M68I535S	376	11.4310935	-93.617531
"71803 Cole Wall
North Sandra, TX 56610"		Montoya-Moore	B-	396-53-5259	608	59.1976965	-138.976334
		鈴木ガス株式会社	B+	553-24-2942	553	60.774045	69.552888
"Estação José Correia, 51
Vila Piratininga Venda Nova
80745-826 Azevedo de Andrade / MG"		Pastor	AB+	42395768146	27	65.4608455	5.429676
		Smith, Burton and Rivera	A+	570-09-0604	251		
群馬県武蔵野市蟇沼1丁目7番6号 シャルム土呂部935		合同会社小林鉱業	A+	276-14-8404	678	26.375068	45.628543
静岡県鎌ケ谷市南赤田16丁目15番3号 脚折町コート318		斎藤通信有限会社	B+	297-30-6147	346	16.913989	-42.840381
		松田水産株式会社	AB-	687-74-8604	617	17.072664	-81.26613
"Rotonda Bernardo, 65 Piano 6
55031, Filicaia (LU)"	Clinical research associate	Tedesco-Ficino s.r.l.	O-	TRRLLT32R28C714K	341	57.6286175	115.496841
		橋本鉱業株式会社	B+	767-09-6176	358	77.2186205	121.904497
"Quadra de Monteiro, 70
Venda Nova
64290622 Brito da Praia / SP"		Lima	AB-	63459781084	344	-58.161674	-29.366689
	Insurance risk surveyor	Hernandez-Martin	A+	205-78-3772	696	16.2984095	7.472985
"Fazenda Erick Aragão, 573
Bernadete
79656-475 da Rosa do Norte / RN"	Sargento	Oliveira	A-	17985420649	805	35.964584	71.915698
"8152 Gilmore Drive Suite 176
Nicholaston, IN 05573"	Pharmacologist	Wood-Watkins	B-	362-69-0741	353	-38.265528	69.771077
"Incrocio Piergiorgio, 9
89125, Reggio Calabria (RC)"	Psychotherapist, dance movement	Borghese-Turci e figli	B-	SCRGLR71M49I688E	326	81.2228225	-33.769918
"USCGC Gordon
FPO AP 98246"		Brown, Brock and Decker	B-	610-40-6705	291	83.756399	-101.003293
"Área de Jesus, 1
Cônego Pinheiro 1ª Seção
76524-150 da Luz / SC"	Tosador	Nunes	B+	12349068722	802	54.7833385	79.698916
	Altenpfleger	Faust	B+	166-54-2576	662	64.291115	-83.416788
	ウェブデザイナー	山下電気合同会社	O-	090-79-9897	456	44.3829545	24.44223
		Angiolello-Pozzecco Group	A+	MZRLNI60L11I024A	195	47.9658585	-2.61753
神奈川県葛飾区浅草橋29丁目20番3号 パレス幸手334	気象予報士	合同会社高橋印刷	AB-	491-87-7311	775	48.7057265	-71.906318
"650 Dawson Rue Suite 927
New Emma, PW 60348"	Professor Emeritus	Keller Inc	A-	401-13-2125	693	-51.671341	-47.00412
"Passarela Melissa Nogueira, 14
Universitário
28147-131 Lopes de Lopes / CE"		Albuquerque - EI	O-	56482701949	407	-82.75948	-64.064587
"Meinhard-Mende-Straße 4-3
66355 Warendorf"		Ullmann Stiftung & Co. KGaA	AB+	595-67-6579	66		
北海道西多摩郡瑞穂町白金21丁目20番14号 コート卯の里949		有限会社林農林	A-	093-62-9685	106	50.3934805	115.384656
福島県我孫子市明石町35丁目4番5号 ハイツ幸手569	運転士	有限会社伊藤電気	A+	566-15-5129	272	-60.5057275	-10.364168
"Largo Almeida, 70
Paquetá
94465953 da Luz / MG"		Nunes Sá S/A	O+	02473896500	183	34.9814465	-27.988268
青森県香取郡東庄町芝公園8丁目18番18号		林農林合同会社	A-	782-11-2762	620	-22.298265	97.278188
"Telse-Beer-Gasse 3
87694 Herzberg"		Textor AG & Co. OHG	A+	189-26-5425	769	-58.8711955	44.431258
"Sítio Moreira
Pindura Saia
11865097 Leão de Gonçalves / PR"		Rocha e Filhos	A-	21456390716	30	3.5897435	158.34955
"Piazza Marzorati, 5 Piano 7
31016, Cordignano (TV)"		Adinolfi-Solari e figli	A+	CMUPRI64P60A569D	576	-56.406441	-74.306395
"0811 Deborah Gardens Apt. 536
East Larrymouth, UT 46331"	Programmer, applications	Moore-Joseph	AB-	554-77-8252	381	-56.5644785	-74.586776
島根県長生郡白子町押上35丁目5番6号 シティ中鉢石町673		有限会社佐藤ガス	O-	652-17-9378	102	-13.465752	134.013526
北海道君津市外神田5丁目12番13号	配管工	田中通信合同会社	O+	771-68-9929	234	80.596224	156.438678
"Praça Júlia Pimenta, 917
Castelo
12679-787 da Costa Paulista / MA"	Engenheiro naval	da Rocha	AB-	61935480766	237	61.335397	58.655761
"Aumannstr. 2/4
70853 Luckenwalde"	Friseur	Renner	AB+	049-84-9078	384	-23.189002	116.057081
"Via de Teixeira, 39
Pirineus
78591715 Campos Grande / SP"		Pastor Camargo S.A.	B-	73629514006	94	-27.8258235	-149.863297
新潟県川崎市高津区台東36丁目1番6号 山中新田シティ559		池田電気有限会社	A+	716-86-2803	695	-18.3128015	-74.286734
"07047 Foster Skyway
Dorothymouth, NH 97522"		Taylor PLC	AB-	817-07-8919	320	68.591095	-145.03399
"Schleichgasse 8-1
39049 Prenzlau"		Kade KG	AB-	071-43-4061	353	83.38901	-41.338014
"Gerhart-Tröst-Platz 51
51991 Miesbach"		Klotz AG & Co. OHG	B+	840-75-6868	378	55.1324045	-110.028387
"66463 Brittany Green
Joshuamouth, FM 65927"	Charity officer	Velez-Guerra	O+	836-06-9691	751	-31.4419245	-48.369986
"Feira Eloah Cardoso, 4
Nova Floresta
11416-155 Rezende das Pedras / MS"	Gestor ambiental	da Cunha S/A	AB+	91368702422	752	57.6937845	58.727495
"Viale Taliercio, 12
84067, Santa Marina (SA)"		Ferrara, Baroffio e Renier Group	AB-	SNSLCN28B29L744N	286	77.659139	-20.197459
"Contrada Grifeo, 2
48027, Solarolo (RA)"		Gaito-Micheletti e figli	AB-	RMLFDC90P29F564O	249	-20.884465	23.540703
"Hövelstr. 938
51434 Kaiserslautern"		Finke	A+	621-47-9423	277	56.3081945	97.116494
"Susan-Ackermann-Gasse 79/66
01364 Wittmund"		Junk GbR	B+	754-14-1014	172	10.479765	-105.7539
"Erdmute-Walter-Weg 451
80076 Bernburg"		Ditschlerin Gorlitz AG	AB-	142-45-4007	737	62.112012	152.660748
"Estação Jade Pereira, 28
Aeroporto
34521-006 Gonçalves / DF"	Policial federal	Gonçalves Vasconcelos e Filhos	O+	19647802501	551	-27.811282	-141.609766
"Frieder-Sauer-Straße 45
67857 Günzburg"		Schlosser	A-	033-08-7965	473	18.3048965	148.12463
"Ladeira Matteo Silva, 45
Vila Vista Alegre
00229657 Silveira Paulista / RO"	Crítico	Camargo	B-	64781509339	282	-76.1638425	81.37063
"Isidor-Vogt-Gasse 6/7
83103 Aurich"	Beamter	Ullmann GmbH & Co. KGaA	AB-	019-36-2652	377	-28.986189	-75.470412
滋賀県富里市松石33丁目9番3号 アーバン脚折126	医療事務員	前田建設株式会社	AB+	414-05-4805	175	-23.954334	179.668943
"Stretto Marco, 2 Appartamento 69
00047, Marino (RM)"		Salata s.r.l.	A+	MNNRBT89T19D429E	42	-6.6528665	-135.983838
千葉県川崎市川崎区虎ノ門虎ノ門ヒルズ森タワー10丁目19番17号		池田運輸合同会社	AB+	281-20-9586	316		
"Melita-Ziegert-Gasse 1-5
14550 Luckau"	Altenpfleger	Matthäi	AB-	334-54-2208	635	-37.806965	-101.648372
	救急救命士	清水食品合同会社	A+	336-38-8311	249		
"Incrocio Papafava, 52 Appartamento 1
98076, Torrecandele (ME)"		Jacuzzi-Vento Group	AB+	MLPLCU95C65B791P	122	83.671371	-126.114817
"Stretto Gadda, 3 Piano 1
96019, Rosolini (SR)"		Perozzo s.r.l.	A-	SBRVNL04E04D673Y	353	21.677433	57.710017
"Blümelplatz 84/90
37381 Rosenheim"	Schornsteinfeger	Schuchhardt	A+	062-63-2499	301	-40.3144865	-78.034695
宮崎県印旛郡印旛村高輪9丁目19番15号 パーク花川戸135		株式会社小林通信	O+	029-15-2944	477	89.0043425	175.917327
"Vereda de Pacheco, 9
Serra Do Curral
08459-851 Monteiro / ES"		Rocha	O+	72409513832	620	-80.0012735	-24.847536
		Möchlichen Förster GmbH	AB+	142-53-1182	388	80.1892185	98.259394
"Biggenring 29/43
24653 Schwerin"	Schornsteinfeger	Eberth	AB+	814-16-5513	123	83.9386715	83.242118
山口県町田市西川42丁目3番17号 クレスト長畑358		伊藤印刷合同会社	O-	475-87-8824	497	13.565948	-115.391791
"Strada Enzo, 7
21033, Cittiglio (VA)"		Salieri-Favata Group	O-	CSCLNE58D06H744N	117	-37.6438735	-70.508881
鹿児島県香取市平河町15丁目27番7号 一ツ橋パーク712		株式会社小林建設	B-	021-67-0606	427	6.691656	23.929236
"4998 Reed Haven
Anthonymouth, WI 53901"	Therapist, occupational	Curry-Martinez	B+	784-42-5967	288	-8.007519	-149.87641
"899 Ortiz Well Apt. 133
Port Emilyview, SC 02111"	Publishing copy	Flynn PLC	AB-	681-84-4406	17	63.528168	-101.233323
島根県印旛郡本埜村押上6丁目6番13号	アーティスト	中村運輸合同会社	A+	760-75-0786	688	2.344965	153.223105
"Canale Storladi, 376
71015, San Nicandro Garganico (FG)"		Scialpi, Cavalcanti e Toninelli e figli	B-	RTLFRC56M23D095O	619	71.529674	175.645912
千葉県墨田区細竹8丁目24番7号 芝公園アーバン338		鈴木ガス有限会社	A+	737-90-5609	360	-82.2595	130.026266
"Pölitzplatz 84/92
08327 Gotha"	Florist	Köster e.G.	AB+	140-97-6292	450	-78.478724	-61.225295
"389 Jennifer Walks
Whitetown, CO 50386"	Technical author	Rivera, Miller and Murphy	B+	603-48-9068	232	9.58911	-170.290163
"Jeannine-Schleich-Gasse 9189
62467 Erding"		Linke Förster GmbH	O+	660-83-6166	5	16.465041	7.529634
静岡県安房郡鋸南町東大和町38丁目26番7号 ハイツ東大和町600		渡辺通信合同会社	B+	068-67-2576	696	-6.0896105	-111.06422
"Canale Giacomo, 871
10093, Borgata Paradiso Di Collegno (TO)"		Iadanza s.r.l.	B+	LNEFLV88D44C044P	695	-86.6339355	176.085619
"Via Nicola, 38
13048, Santhia' (VC)"		Roccabonella-Zoppetto e figli	AB-	PNNDNI67B05I648S	312	67.224367	-108.724922
"Passarela Cardoso, 11
Marieta 2ª Seção
63662926 Sousa / MG"	Zelador	Cavalcante Azevedo - ME	O-	25093741841	801		
"Contrada Necci, 272
10066, Torre Pellice (TO)"		Giannone e figli	AB+	PDVBTC38A17D144F	328	-45.2234435	43.813334
"Via Margherita, 8
45014, Villaregia (RO)"	Youth worker	Anastasi, Cimini e Sorrentino SPA	B-	CLBGNI76B59B598L	574	55.4129785	35.633199
埼玉県袖ケ浦市脚折16丁目10番20号		佐藤ガス株式会社	AB+	206-94-3134	332	46.243958	54.760124
"Estação Peixoto, 80
Vila Fumec
43819-720 Costa de Fogaça / SC"	Psicólogo	Ribeiro	AB+	61739024869	553		
長崎県東大和市押上29丁目26番4号 明石町ハイツ325	YouTuber	山口電気有限会社	A-	398-24-5668	520	-43.170738	48.137031
"Ortrud-Dörschner-Weg 22/71
33121 Mellrichstadt"		Vollbrecht GmbH	B+	312-42-7876	642	33.1337265	101.905543
"90593 Kaitlyn Station Suite 036
Rodneyberg, MN 37774"	Toxicologist	Lindsey-Davis	AB+	891-24-7310	663	-33.024544	-160.873704
"Wohlgemutweg 41/55
86083 Illertissen"		Junk	AB-	377-59-5047	282	4.513242	45.224188
		Durante e figli	B+	CLIMRT30H10A226S	562	-7.1550525	9.756014
"Mülichenallee 0
91190 Eisenach"		Christoph Hörle AG	B-	268-65-9466	103	-24.934666	54.894089
		Dörr Stahr GmbH	A+	470-49-5087	523	40.8227945	82.326492
"19898 Christopher Estate Suite 335
Johnsonland, VA 76724"		Phillips Group	B+	511-41-8930	429	87.065163	-45.561073
"64331 Katrina Coves Suite 092
Lake Lisa, MD 61193"		Proctor Inc	AB+	508-43-8886	4	-27.112399	153.874043
"Vicolo Salvo, 143
56024, Ponte A Egola (PI)"		Cagnin, Micca e Onio Group	A-	MRNPRI73R52B817G	533	39.6140815	-152.135998
"Viela Vicente Pacheco, 142
Vila Madre Gertrudes 3ª Seção
37176-823 Moraes / CE"		da Cruz - ME	O+	67841029322	126	-48.06504	145.844128
"Henkweg 91-38
91757 Warendorf"		Steckel GmbH & Co. KGaA	A+	291-49-2286	246	25.2065795	-11.979903
"693 Harrison Estate
Jaredfort, AL 19340"		Bennett, Garcia and Young	A-	076-39-9085	414	71.554064	-39.311565
"Unit 8627 Box 5200
DPO AE 59666"		Mills LLC	A-	235-81-9183	276	-41.028732	-173.528903
"Piazza Orazio, 67
86082, Capracotta (IS)"		Bartoli, Bergoglio e Zoppetto s.r.l.	O+	QSMLCN61R70G088H	760	68.775469	-153.579335
"Trubring 47/23
78874 Lübz"	Informatiker	Dehmel GmbH	O-	536-45-9626	234	-30.209775	-57.304572
"Setor de Machado, 1
Vila Santo Antônio Barroquinha
07752275 Mendes / MG"		Nogueira Novais - EI	O+	08741639510	349	-33.516394	84.809619
"Strada Pompeo, 79
65121, Pescara (PE)"	Haematologist	Benussi, Parini e Petrocelli e figli	A+	GGLDRA42C16F088X	419	21.2258615	22.984055
"338 Powers Path
Lindseybury, WI 97254"		Gibson, Palmer and Odonnell	A-	470-43-2592	531	46.797006	-127.498341
"6975 Morse Lake Apt. 725
East Kaitlyn, WV 43633"		Anderson-Conrad	AB+	141-07-5150	528	52.682283	-170.860973
"8041 Franklin Drive
Lake Katherine, AL 91116"		Bennett Ltd	B-	794-48-8860	218	-2.970305	95.307533
"155 Kenneth Dam
Smithville, KY 75160"	Administrator, arts	Sanchez and Sons	O+	050-07-8760	547	76.8587345	-81.714439
"23814 Hernandez Valleys Suite 960
South Michaelland, WI 76111"		Cowan-Brewer	AB+	016-34-7713	749	-48.077468	83.800072
"Piazza Metella, 421 Appartamento 60
21053, Castellanza (VA)"		Niggli SPA	O-	BRLMCL77C16D463P	180	-18.1788195	75.389589
鳥取県西多摩郡日の出町浅草28丁目13番14号 鶴ヶ丘シティ277		佐藤印刷有限会社	O-	160-23-3622	539	84.905862	-148.299093
"Peukertstr. 68
03999 Gadebusch"	Polizist	Bonbach Ehlert GmbH & Co. KG	A+	195-97-0383	309	55.764145	2.220748
"Stephan-Caspar-Gasse 90-38
99788 Stadtroda"	Informatiker	Rust	O-	458-78-6471	739	23.9977735	171.117455
"Distrito de Araújo, 24
Barreiro
93793-513 Pacheco / SE"		Santos S/A	AB-	71365429873	646	74.628444	132.801892
"8332 James Walk
Christophershire, OH 37783"		Herman-Johnson	AB+	398-52-8048	717	31.9077095	-44.003157
"403 Samantha Plaza
Port Lauraport, NJ 30332"	Trade union research officer	King PLC	B-	291-79-5855	757	56.0498365	-159.889323
"Alameda Leão
Vila Dos Anjos
34624-579 da Luz / PB"		Carvalho e Filhos	O+	74526389137	474	63.7864585	-173.773289
"Doreen-Sorgatz-Allee 6-5
03161 Rathenow"		Hänel Steckel AG	O-	180-45-3216	524	-40.9150015	43.466215
		Barsanti-Schiavo Group	AB+	SCLFBZ64C46I443P	155	61.940099	-93.532485
	Geophysicist/field seismologist	Patton Inc	AB+	118-38-4320	401	47.692344	-155.297983
"Lago de Andrade, 5
Lajedo
56261-054 Camargo / BA"	Lavador	Silveira Porto - EI	O+	29156738455	503	-50.1732335	-0.946048
千葉県夷隅郡大多喜町大京町35丁目13番10号 シティ無栗屋730		山下印刷株式会社	AB-	691-28-2560	165	-10.3887425	-121.084484
		Souza e Filhos	B+	38260497565	115	-75.107197	90.064009
東京都福生市五味ヶ谷24丁目19番14号 クレスト前弥六南町298		高橋建設株式会社	A-	681-64-9233	593	-2.3963315	-143.577382
	Forstwirt	Loos	A-	820-11-2130	693	87.8600045	79.940342
	公務員	有限会社鈴木運輸	B-	880-45-0010	486	-23.8724645	87.060977
"Canale Saffi, 59 Appartamento 1
09021, Barumini (SU)"		Tolentino-Faugno Group	O+	CGNRFL01M71H436D	597	79.4552675	-9.784655
	Surveyor, land/geomatics	Trombetta Group	B-	PLLRND23A44E090R	451	80.893631	167.756778
奈良県横浜市栄区虎ノ門31丁目25番16号 戸塚町アーバン918	営業	株式会社吉田建設	O+	507-17-8726	231	-38.1098005	19.946404
"Piazza Donato, 574
87019, Spezzano Albanese Terme (CS)"		Asprucci-Monteverdi s.r.l.	A-	CMPGLT74H06M351W	643	-87.3979815	108.716185
	コピーライター	株式会社遠藤農林	O-	004-14-9061	170	-59.236716	119.378705
"916 Joy Crest Apt. 260
Collinsview, GA 89356"		Moon Group	A+	073-79-9112	587	1.5363285	169.730737
"Kruschwitzplatz 594
74186 Jessen"		Fiebig Gehringer e.V.	B+	725-43-7842	583	2.752885	-2.828218
"Michel-Mühle-Weg 69-53
70518 Bamberg"	Elektroniker	Ebert	B-	296-66-4547	89		
宮城県御蔵島村中小来川40丁目7番14号 ハイツ神明内190		加藤食品合同会社	O-	172-02-9635	293	-39.687846	152.233235
青森県横浜市南区羽折町21丁目23番5号 クレスト月島547		合同会社佐藤ガス	B+	677-04-7467	676	-46.0367315	34.789082
"Schlosserweg 88
43559 Eichstätt"	Pfleger	Haering Budig Stiftung & Co. KG	AB-	362-12-7184	654	20.8932705	35.245329
